name,region,source,company_number,company_name,company_status,incorporation_date,company_type,registered_office_address,sic_codes,official_website,phone_numbers,email_addresses,ceo_name,head_office_address,social_media,website_has_search,website_has_tenant_portal,website_has_online_services,website_responsive,last_updated,regulator_url
Glasgow Housing Association,Scotland,Known Scottish Housing Association,SP1835RS,BLUE TRIANGLE (GLASGOW) HOUSING ASSOCIATION LIMITED,active,,registered-society-non-jurisdictional,"{'address_line_1': '', 'address_line_2': '', 'postal_code': ''}",[],https://bluetriangle.org.uk/wp-content/uploads/2023/12/Accounts_072_2023_REDACTED.pdf,['0 0 842 0 0 '],['_@o.nI'],,,"{'twitter': None, 'facebook': None, 'linkedin': 'https://uk.linkedin.com/in/richard-bradley-4433417a', 'instagram': None, 'youtube': None}",False,False,False,False,,
Wheatley Group,Scotland,Known Scottish Housing Association,10981633,WHEATLEY GROUP LTD,active,2017-09-26,ltd,"{'address_line_1': 'Holly Cottage The Street', 'address_line_2': 'Holbrook', 'country': 'United Kingdom', 'locality': 'Ipswich', 'postal_code': 'IP9 2PZ', 'region': 'Suffolk'}",['70100'],,,,,,,,,,,,
Sanctuary Scotland Housing Association,Scotland,Known Scottish Housing Association,SP2508RS,SANCTUARY SCOTLAND HOUSING ASSOCIATION LIMITED,active,,registered-society-non-jurisdictional,"{'address_line_1': '', 'address_line_2': '', 'locality': '', 'postal_code': ''}",[],https://scotland.sanctuary.co.uk/,"['0808 168 3471\n\n\n', '0808 168 3476\n\n\n', '0808 168 3477\n\n\n']","['pr@sanctuary-housing.co.uk', 'myresearch@voluntas.co.uk']",,,"{'twitter': None, 'facebook': None, 'linkedin': 'https://uk.linkedin.com/in/john-campbell-113ba717b', 'instagram': None, 'youtube': None}",False,False,False,True,,
Places for People Scotland,Scotland,Known Scottish Housing Association,SC278428,PLACES FOR PEOPLE SCOTLAND LIMITED,active,2005-01-14,ltd,"{'address_line_1': '1 Hay Avenue', 'address_line_2': 'Edinburgh', 'postal_code': 'EH16 4RW'}","['41100', '68100', '68201', '68320']",https://www.placesforpeople.co.uk/media/vubjh5o2/fully-signed-fy24-castlerock-edinvar-updated-accounts.pdf,"['05 18 18 529 24 24 630 28 28 487 38 38 458 39 39 637 47 47 266 62 62 422 69 69 658 75 75 676 87 87 532 90 90 562 94 94 472 100 100 495 258 258 493 349 349 245 367 367 245 374 374 536 381 381 537 396 396 355 400 400 398 410 410 346 437 437 536 448 448 473 894 894 311 895 895 311', '06 1198 1000', '0 20 556 21 21 556 22 22 556 23 23 556 24 24 556 25 25 556 26 26 556 36 36 722 38 38 722 39 39 722 40 40 666 41 41 610 42 42 777 43 43 722 44 44 277 46 46 722 47 47 610 48 48 833 49 49 722 50 50 777 51 51 666 53 53 722 54 54 666 55 55 610 56 56 722 57 57 666 60 60 666 68 68 556 69 69 610 70 70 556 71 71 610 72 72 556 73 73 333 74 74 610 75 75 610 76 76 277 78 78 556 79 79 277 80 80 889 81 81 610 82 82 610 83 83 610 85 85 389 86 86 556 87 87 333 88 88 610 89 89 556 92 92 556']",[],,,"{'twitter': None, 'facebook': None, 'linkedin': 'https://uk.linkedin.com/in/stephen-oswald-he-him-8337ab21', 'instagram': None, 'youtube': None}",False,False,False,False,,
Cairn Housing Association,Scotland,Known Scottish Housing Association,SP002335,CAIRN HOUSING ASSOCIATION LTD,active,,registered-society-non-jurisdictional,,[],https://www.cairnha.com/,"['0800 990 3405\n', '0800 990 3405 \n', '0\n\n\n\n\n\n\n\n\n\n']",['enquiries@cairnha.com'],,,"{'twitter': 'https://twitter.com/cairnha', 'facebook': 'https://www.facebook.com/cairnha', 'linkedin': 'https://www.linkedin.com/company/cairn-housing-association?trk=biz-companies-cym', 'instagram': None, 'youtube': None}",True,False,False,True,,
Fife Housing Association,Scotland,Known Scottish Housing Association,SP2476RS,FIFE HOUSING ASSOCIATION LIMITED,active,,registered-society-non-jurisdictional,"{'address_line_1': '', 'address_line_2': '', 'locality': '', 'postal_code': ''}",[],https://fifehg.org.uk/who-we-are/,"['08000 274 007', '01383 606162']","['usinfo@fifehg.org.ukVisit', '007info@fifehg.org.ukHomeWho', 'info@fifehg.org']",,,"{'twitter': 'https://twitter.com/fifehg', 'facebook': None, 'linkedin': 'https://www.linkedin.com/company/fife-housing-association/', 'instagram': None, 'youtube': None}",True,True,False,True,,
Trust Housing Association,Scotland,Known Scottish Housing Association,SP1778RS,TRUST HOUSING ASSOCIATION LIMITED,active,,registered-society-non-jurisdictional,,[],https://www.trustha.org.uk/media/a1goasul/annual-procurement-report-2023-2024.pdf,"['0 268 268 252', '07 507 507 507 507 507 507 507 507 507', '0 0 0 0 0 682 0 303 303 0 0 250 306 252 386 507 507 507 507 507 507 507 507 507 507 268 268 0 0 498 0 894 579 544 533 615 488 459 631 623 252 319 520 420 855 646 662 517 673 543 459 487 642 567 890 0 0 468 0 0 0 0 0 0 479 525 423 525 498 305 471 525 230 239 455 230 799 525 527 525 525 349 391 335 525 452 715 433 453 0 0 460 0 0 0 0 0 0 0 0 0 0 0 0 0 0 0 0 0 0 0 0 0 0 0 0 0 0 0 0 0 0 0 0 0 0 0 0 0 0 507']",[],,,"{'twitter': None, 'facebook': 'https://www.facebook.com/jobsinglasgow.co.uk/', 'linkedin': 'https://www.linkedin.com/pub/dir/Mandy/Meldrum', 'instagram': None, 'youtube': None}",False,False,False,False,,
West Lothian Housing Partnership,Scotland,Known Scottish Housing Association,SC188968,WEST LOTHIAN HOUSING PARTNERSHIP LIMITED,dissolved,1998-09-02,private-limited-guarant-nsc,"{'address_line_1': 'Wheatley House', 'address_line_2': '25 Cochrane Street', 'locality': 'Glasgow', 'postal_code': 'G1 1HL'}",['68201'],,,,,,,,,,,,
Clyde Valley Housing Association,Scotland,Known Scottish Housing Association,SP2489RS,CLYDE VALLEY HOUSING ASSOCIATION LTD.,active,,registered-society-non-jurisdictional,,[],https://www.housingregulator.gov.scot/landlord-performance/landlords/clyde-valley-housing-association-ltd/,"['018-19\r\n                    \n\n\n\r\n                       ', '025\r\n                    \n\n\n\n\n\n', '019\r\n                    \n\n\n\r\n                       ']",['cvha@cvha.org.uk'],SHR Board,,"{'twitter': 'https://twitter.com/SHR_news', 'facebook': None, 'linkedin': 'https://uk.linkedin.com/company/clyde-valley-group', 'instagram': None, 'youtube': None}",False,False,False,True,,
Dunedin Canmore Housing,Scotland,Known Scottish Housing Association,SP1823RS,DUNEDIN CANMORE HOUSING LIMITED,active,,registered-society-non-jurisdictional,"{'address_line_1': '', 'address_line_2': '', 'postal_code': ''}",[],,,,,,,,,,,,
Link Housing Association,Scotland,Known Scottish Housing Association,RS008793,LINK HOUSING ASSOCIATION LIMITED,,,registered-society-non-jurisdictional,,[],,,,,,,,,,,,
Riverside Scotland,Scotland,Known Scottish Housing Association,SC348646,RIVERSIDE (SCOTLAND) LTD,dissolved,2008-09-16,ltd,"{'address_line_1': '15a Rosyth Road', 'locality': 'Glasgow', 'postal_code': 'G5 0YD'}",['7487'],,,,,,,,,,,,
Albyn Housing Society,Scotland,Known Scottish Housing Association,SP1776RS,ALBYN HOUSING SOCIETY LIMITED,active,,registered-society-non-jurisdictional,,[],https://www.albynhousing.org.uk/,"['01463 220719 ', '0300 323 0990 \n', '025                \n\n\n\n\n\n\n\n\n']",['office@albynhousing.org.uk'],,,"{'twitter': 'https://twitter.com/albynhousing', 'facebook': 'https://www.facebook.com/albynhousing', 'linkedin': 'https://uk.linkedin.com/in/helen-boath-202ab97', 'instagram': None, 'youtube': None}",False,False,False,True,,
Blackwood Homes and Care,Scotland,Known Scottish Housing Association,SP1728RS,BLACKWOOD HOMES AND CARE,active,,registered-society-non-jurisdictional,,[],https://www.blackwoodgroup.org.uk/,['0131 317 7227 '],[],,,"{'twitter': 'https://twitter.com/anglianbp/', 'facebook': 'http://www.facebook.com/BlackwoodScotland', 'linkedin': 'https://www.linkedin.com/company/1692461', 'instagram': 'https://www.instagram.com/p/C6_YM7PqcUp/', 'youtube': 'https://www.youtube.com/watch?v=891pGWJZ7KI'}",True,True,False,True,,
Bield Housing & Care,Scotland,Known Scottish Housing Association,SP1692RS,BIELD HOUSING & CARE,active,,registered-society-non-jurisdictional,,[],https://www.housingregulator.gov.scot/landlord-performance/landlords/bield-housing-care/,"['018-19\r\n                    \n\n\n\r\n                       ', '025\r\n                    \n\n\n\n\n\n', '019\r\n                    \n\n\n\r\n                       ']",['info@bield.co.uk'],SHR Board,,"{'twitter': 'https://twitter.com/SHR_news', 'facebook': 'https://www.facebook.com/TISScotland/posts/-tis-national-excellence-awards-2024-housing-organisation-of-the-year-sponsored-/915131787307733/', 'linkedin': 'https://uk.linkedin.com/company/bield-housing-&-care', 'instagram': 'https://www.instagram.com/lewisandhickey/', 'youtube': None}",False,False,False,True,,
Hanover (Scotland) Housing Association,Scotland,Known Scottish Housing Association,SP1983RS,HANOVER (SCOTLAND) HOUSING ASSOCIATION LIMITED,active,,registered-society-non-jurisdictional,"{'address_line_1': '', 'address_line_2': '', 'postal_code': ''}",[],https://www.hanover.scot/wp-content/uploads/2024/09/Financial-Statements-2023-24-SIGNED_Redacted2.pdf,['0 0 596 0 0 '],['p@5.gr'],,,"{'twitter': None, 'facebook': None, 'linkedin': 'https://uk.linkedin.com/in/margaret-fielding-38825963', 'instagram': None, 'youtube': None}",False,False,False,False,,
Orkney Islands Council,Scotland,Known Scottish Housing Association,15115172,JOBS UK ORKNEY ISLANDS LTD,active,2023-09-05,ltd,"{'address_line_1': '270 Slade Road', 'country': 'England', 'locality': 'Birmingham', 'postal_code': 'B23 7LX'}","['32401', '64110', '64191', '78200']",,,,,,,,,,,,
Shetland Islands Council,Scotland,Known Scottish Housing Association,15115219,JOBS UK SHETLAND ISLANDS LTD,active,2023-09-05,ltd,"{'address_line_1': '270 Slade Road', 'country': 'England', 'locality': 'Birmingham', 'postal_code': 'B23 7LX'}","['30300', '30400', '32500', '78109']",,,,,,,,,,,,
Western Isles Council,Scotland,Known Scottish Housing Association,CS000216,ADVOCACY WESTERN ISLES,,,scottish-charitable-incorporated-organisation,,[],,,,,,,,,,,,
Highland Council,Scotland,Known Scottish Housing Association,OE024755,WASHINGTON INTERNATIONAL STUDIES COUNCIL INC,registered,2023-02-08,registered-overseas-entity,"{'address_line_1': 'Suite 25 927 S. Walter Reed Drive', 'country': 'United States', 'locality': 'Arlington', 'postal_code': '22204', 'region': 'Virginia (Va)'}",[],,,,,,,,,,,,
Argyll Community Housing Association,Scotland,Known Scottish Housing Association,RS002661,ARGYLL COMMUNITY HOUSING ASSOCIATION LIMITED,,,registered-society-non-jurisdictional,,[],,,,,,,,,,,,
Ayrshire Housing,Scotland,Known Scottish Housing Association,SC185652,AYRSHIRE HOUSING,active,1998-05-05,private-limited-guarant-nsc-limited-exemption,"{'address_line_1': '119 Main Street', 'address_line_2': 'Ayr', 'postal_code': 'KA8 8BX'}",['68201'],https://www.ayrshirehousing.org.uk/,"['027906\n\t\t\t\t\t', '01292 880120\n 01292 880121\n ']",[],,,"{'twitter': 'https://twitter.com/AyrshireHousing', 'facebook': 'https://facebook.com/ayrshirehousing/', 'linkedin': 'https://www.linkedin.com/posts/ayrshiregroup_ayrshire-housing-makinganimpact-activity-7274645801321046019-biRZ', 'instagram': None, 'youtube': None}",True,True,False,True,,
Berwickshire Housing Association,Scotland,Known Scottish Housing Association,SP2482RS,BERWICKSHIRE HOUSING ASSOCIATION LIMITED,active,,registered-society-non-jurisdictional,,[],https://www.berwickshirehousing.org.uk/resource/bha-statutory-audited-accounts-2023-24-redacted/,"['042342\n\n\n\n\n\n\n\n\n \n\n\n', '0800 652 8104\n\n\n\n', '025-2028)\n\n\n']",['info@berwickshirehousing.org.uk'],,,"{'twitter': None, 'facebook': None, 'linkedin': 'https://www.linkedin.com/company/berwickshire-housing-association-limited', 'instagram': None, 'youtube': None}",False,False,False,False,,
Borders Housing Association,Scotland,Known Scottish Housing Association,SP2573RS,SCOTTISH BORDERS HOUSING ASSOCIATION LIMITED,active,,registered-society-non-jurisdictional,"{'address_line_1': '', 'address_line_2': '', 'locality': '', 'postal_code': ''}",[],,,,,,,,,,,,
Castle Rock Edinvar Housing Association,Scotland,Known Scottish Housing Association,SP1767RS,CASTLE ROCK EDINVAR HOUSING ASSOCIATION LIMITED,active,,registered-society-non-jurisdictional,,[],,,,,,,,,,,,
Clydebank Housing Association,Scotland,Known Scottish Housing Association,SP002191,CLYDEBANK HOUSING ASSOCIATION LIMITED,active,,registered-society-non-jurisdictional,,[],https://clydebank-ha.org.uk/uploads/2024-02-02-10-15-48-hmpol04RentPolicy20242025-29831.pdf,"['0\t\t\t\t\t\t\t\t\t\t', '0240201132828']",['Joe@clydebank-ha.org.uk'],,,"{'twitter': None, 'facebook': None, 'linkedin': 'https://uk.linkedin.com/in/gemma-connell-3b496b152', 'instagram': None, 'youtube': None}",False,False,False,False,,
Cumnock & Doon Valley Housing Association,Scotland,Known Scottish Housing Association,SC347297,CREATE (CUMNOCK & DOON VALLEY AREA),dissolved,2008-08-19,private-limited-guarant-nsc-limited-exemption,"{'address_line_1': '15 Glenweir Avenue', 'locality': 'Cumnock', 'postal_code': 'KA18 1HT', 'region': 'Ayrshire'}",['82990'],,,,,,,,,,,,
East Lothian Housing Association,Scotland,Known Scottish Housing Association,SP02266R,EAST LOTHIAN HOUSING ASSOCIATION,active,,registered-society-non-jurisdictional,,[],https://www.housingregulator.gov.scot/landlord-performance/landlords/east-lothian-housing-association-ltd/,"['018-19\r\n                    \n\n\n\r\n                       ', '025\r\n                    \n\n\n\n\n\n', '019\r\n                    \n\n\n\r\n                       ']",['enquiries@elha.com'],SHR Board,,"{'twitter': 'https://twitter.com/SHR_news', 'facebook': 'https://www.facebook.com/eastlothianhousingassociation/?locale=en_GB', 'linkedin': 'https://uk.linkedin.com/company/east-lothian-housing-association', 'instagram': None, 'youtube': None}",False,False,False,True,,
Eildon Housing Association,Scotland,Known Scottish Housing Association,SP1757RS,EILDON HOUSING ASSOCIATION LIMITED,active,,registered-society-non-jurisdictional,,[],https://eildon.org.uk/tenant-handbook/files/basic-html/page25.html,"['03000200217\n\n\n\n\n\n', '03000 200 217\n\n\n\n\n\n\n', '03000 200 217 (']",[],,,"{'twitter': None, 'facebook': None, 'linkedin': 'https://uk.linkedin.com/in/julia-kelly-932b8829', 'instagram': None, 'youtube': None}",False,False,False,False,,
Falkirk Council,Scotland,Known Scottish Housing Association,CS000478,FALKIRK & DISTRICT ARTS AND CIVIC COUNCIL (SCIO),,,scottish-charitable-incorporated-organisation,,[],https://falkirkarts.net/about,['07507 584250\n\n\n'],[],,,"{'twitter': 'https://twitter.com/falkirkartsnet', 'facebook': 'https://facebook.com/falkirkartsnet', 'linkedin': None, 'instagram': 'https://instagram.com/falkirkartsnetwork', 'youtube': 'https://youtube.com/channel/UCodEoVI1gRsXjSEFJ5Ts2lQ'}",False,False,False,True,,
Glasgow City Council,Scotland,Known Scottish Housing Association,SC097679,GLASGOW COUNCIL FOR THE VOLUNTARY SECTOR,active,1986-03-05,private-limited-guarant-nsc,"{'address_line_1': 'Albany Centre, 44 Ashley Street', 'country': 'Scotland', 'locality': 'Glasgow', 'postal_code': 'G3 6DS'}","['88990', '94990']",https://www.glasgowlife.org.uk/glasgows-learning/glasgow-cld-strategic-partnership/,"['021-2024\n\n\n', '024-2027\n\n\n', '022)\n\n\n\n\n\n\n\n\n\n\n\n\n\n']",['info@glasgowlife.org.uk'],,,"{'twitter': None, 'facebook': 'https://www.facebook.com/glasgowlifepresents/', 'linkedin': 'https://www.linkedin.com/pulse/25th-anniversary-programme-community-engagement-scottishparliament-svxve', 'instagram': None, 'youtube': 'https://www.youtube.com/c/GlasgowLifeDigital'}",False,False,False,True,,
Grampian Housing Association,Scotland,Known Scottish Housing Association,SP1769RS,GRAMPIAN HOUSING ASSOCIATION LIMITED,active,,registered-society-non-jurisdictional,,[],https://www.grampianhousing.co.uk/corporate-statements/,"['0141 204 8989 ', '0141 566 7000', '023\n\xa0\n\n\n\n\n\n\n\n\n\n\n\n\n\n\n\n\n\n\n']","['info@alexandersloan.co.uk', 'info@wbg.co.uk', '202900info@grampianhousing.co.uk']",,,"{'twitter': 'https://www.x.com/GrampianHA', 'facebook': 'https://www.facebook.com/GrampianHousingAssociation', 'linkedin': 'https://uk.linkedin.com/in/linda-clarke-865b79a8', 'instagram': 'https://www.instagram.com/associationgrampianhousing/', 'youtube': None}",False,False,False,True,,
Horizon Housing Association,Scotland,Known Scottish Housing Association,SP1827RS,HORIZON HOUSING ASSOCIATION LIMITED,active,,registered-society-non-jurisdictional,,[],https://www.horizonhousing.org/find-a-home/,['0330 303 0089\n'],['e-mail@horizonhousing.org'],,,"{'twitter': 'https://twitter.com/horizon_housing', 'facebook': 'https://www.facebook.com/HorizonHA/', 'linkedin': 'https://uk.linkedin.com/company/horizon-housing-association-limited', 'instagram': None, 'youtube': None}",True,False,False,True,,
Irvine Housing Association,Scotland,Known Scottish Housing Association,SP2459RS,IRVINE HOUSING ASSOCIATION LIMITED,active,,registered-society-non-jurisdictional,"{'address_line_1': '', 'address_line_2': '', 'postal_code': ''}",[],https://irvine.cylex-uk.co.uk/company/irvine-housing-association-irvine-17099994.html,[],[],,,"{'twitter': None, 'facebook': None, 'linkedin': 'https://uk.linkedin.com/in/gillian-scott-51a281199', 'instagram': None, 'youtube': None}",False,False,False,True,,
Kingdom Housing Association,Scotland,Known Scottish Housing Association,SP1981RS,KINGDOM HOUSING ASSOCIATION LIMITED,active,,registered-society-non-jurisdictional,,[],https://www.kingdomhousing.org.uk/community-involvement/home/community-initiatives-fund/,[],['customerservices@kha.scot'],,,"{'twitter': 'https://twitter.com/kingdom_ha', 'facebook': 'https://www.facebook.com/pages/Kingdom-Housing-Association-Ltd/158537747525057', 'linkedin': 'https://www.linkedin.com/posts/kingdomhousingassociation_allia-cc-strengthens-partnership-with-kingdom-activity-7313819337901899776-bcL5', 'instagram': 'https://www.instagram.com/kingdomhousingassociation/', 'youtube': 'https://www.youtube.com/watch?v=qDLvqVhS8ik'}",False,False,False,True,,
Langstane Housing Association,Scotland,Known Scottish Housing Association,SP1916RS,LANGSTANE HOUSING ASSOCIATION LIMITED,active,,registered-society-non-jurisdictional,,[],https://www.langstane-ha.co.uk/strategies-and-other-documents/,"['024 - 2029  958', '023 - 2026  311', '01224 423000']",['423000info@langstane-ha.co.uk'],,,"{'twitter': None, 'facebook': 'https://www.facebook.com/Langstane', 'linkedin': 'https://www.linkedin.com/company/langstane-housing-association', 'instagram': 'https://www.instagram.com/langstane_ha/', 'youtube': 'https://www.youtube.com/channel/UCZf-uczGcZbi1_zx1VtHhCQ'}",False,True,True,True,,
Linthouse Housing Association,Scotland,Known Scottish Housing Association,SP1800RS,LINTHOUSE HOUSING ASSOCIATION LIMITED,active,,registered-society-non-jurisdictional,,[],https://www.linthouseha.com/about-us,"['0141 445 4418\n\n\n', '0141 445 4418\n\n']","['enquiries@linthouseha.com', 'hello@linthouseha.com']",,,"{'twitter': 'https://twitter.com/LinthouseHA', 'facebook': 'https://www.facebook.com/photo.php?fbid=3803740576400475&id=745806918860538&set=a.753029488138281', 'linkedin': 'https://uk.linkedin.com/in/colin-jones-967a94a5', 'instagram': None, 'youtube': None}",False,False,False,True,,
Loreburn Housing Association,Scotland,Known Scottish Housing Association,SP002110,LOREBURN HOUSING ASSOCIATION LIMITED,active,,registered-society-non-jurisdictional,,[],https://www.loreburn.org.uk/data/Financial_Regulations_V6_2021_10_28_14_35_14.pdf,"['0 0 0 0 0 667 191 333 333 389 0 278 333 278 278 556 556 556 556 556 556 556 556 556 556 278 278 0 0 584 0 1015 667 667 722 722 667 611 778 722 278 0 667 556 833 722 778 667 0 722 667 611 722 667 944 667 667 0 0 0 0 0 0 0 556 556 500 556 556 278 556 556 222 222 500 222 833 556 556 556 556 333 500 278 556 500 722 500 500 0 0 260 0 0 0 0 0 0 0 0 0 0 0 0 0 0 0 0 0 0 0 0 0 0 0 0 0 0 0 0 0 0 0 0 0 0 0 0 0 0 556', '00 556 556 278 556 556 222 222 500 222 833 556 556 556 556 333 500 278 556 500 722 500 500', '015 667 667 722 722 667 611 778 722 278']",[],,,"{'twitter': None, 'facebook': None, 'linkedin': 'https://uk.linkedin.com/in/kirsty-paul-a5b10715a', 'instagram': None, 'youtube': None}",False,False,False,False,,
Manor Estates Housing Association,Scotland,Known Scottish Housing Association,SP2484RS,MANOR ESTATES HOUSING ASSOCIATION LIMITED,active,,registered-society-non-jurisdictional,,[],https://www.manorestates.org.uk/,"['000157\n\n\n\n\n\n\n\n\n\n\n\n\n\n\n\n\n\n\n\n\n\n\n\n\n\n\n\n\n\n\n\n\n\n\n\n\n\n\n\n\n\n\n', '0131 510 8540\n']",['info@manorestates.org.uk'],,,"{'twitter': 'https://twitter.com/ManorEstatesHA', 'facebook': 'https://en-gb.facebook.com/Manor-Estates-Housing-Association-109393442563065/', 'linkedin': 'https://uk.linkedin.com/company/manor-estates-housing-association-limited', 'instagram': None, 'youtube': None}",False,False,False,True,,
Melville Housing Association,Scotland,Known Scottish Housing Association,SP2466RS,MELVILLE HOUSING ASSOCIATION LIMITED,active,,registered-society-non-jurisdictional,,[],https://melville.org.uk/uploads/2024-09-12-15-28-50-2024Melvilleaccountspdf-73574.pdf,['0000-4142-4344-454600000000'],[],,,"{'twitter': None, 'facebook': None, 'linkedin': 'https://uk.linkedin.com/company/melville-housing-association-limited', 'instagram': None, 'youtube': None}",False,False,False,False,,
New Gorbals Housing Association,Scotland,Known Scottish Housing Association,RS2309RS,NEW GORBALS HOUSING ASSOCIATION LIMITED,,,registered-society-non-jurisdictional,,[],,,,,,,,,,,,
North Lanarkshire Council,Scotland,Known Scottish Housing Association,SC156125,ALCOHOL COUNSELLING TEAM,dissolved,1995-02-22,private-limited-guarant-nsc-limited-exemption,"{'address_line_1': 'Unit 9/10 Coatbridge Business Centre', 'address_line_2': '204 Main Street', 'locality': 'Coatbridge', 'postal_code': 'ML5 3RB', 'region': 'Lanarkshire'}",['88990'],,,,,,,,,,,,
Orkney Housing Association,Scotland,Known Scottish Housing Association,SP02201R,ORKNEY HOUSING ASSOCIATION LIMITED,active,,registered-society-non-jurisdictional,,[],,,,,,,,,,,,
Paragon Housing Association,Scotland,Known Scottish Housing Association,RS2521RS,PARAGON HOUSING ASSOCIATION LIMITED,,,registered-society-non-jurisdictional,,[],https://paragonha.org.uk/data/PHA_24_Signed_Financial_Statements_Redacted_2024_09_26_12_52_11.pdf,['0 0 842 0 0 '],[],,,"{'twitter': None, 'facebook': None, 'linkedin': None, 'instagram': None, 'youtube': None}",False,False,False,False,,
Pentland Housing Association,Scotland,Known Scottish Housing Association,SP2449RS,PENTLAND HOUSING ASSOCIATION LIMITED,active,,registered-society-non-jurisdictional,"{'address_line_1': '', 'address_line_2': '', 'postal_code': ''}",[],,,,,,,,,,,,
Queens Cross Housing Association,Scotland,Known Scottish Housing Association,08036110,DUDLEY (QUEENS CROSS) CHRISTADELPHIAN ECCLESIA LIMITED,active,2012-04-18,private-limited-guarant-nsc,"{'address_line_1': 'Christadelphian Hall', 'address_line_2': 'High Street', 'locality': 'Dudley', 'postal_code': 'DY1 1QT', 'region': 'West Midlands'}",['94910'],,,,,,,,,,,,
Rural Stirling Housing Association,Scotland,Known Scottish Housing Association,SP00878R,RURAL STIRLING HOUSING ASSOCIATION LIMITED,active,,registered-society-non-jurisdictional,,[],,,,,,,,,,,,
Scottish Borders Housing Association,Scotland,Known Scottish Housing Association,SP2573RS,SCOTTISH BORDERS HOUSING ASSOCIATION LIMITED,active,,registered-society-non-jurisdictional,"{'address_line_1': '', 'address_line_2': '', 'locality': '', 'postal_code': ''}",[],,,,,,,,,,,,
South of Scotland Community Housing,Scotland,Known Scottish Housing Association,CS004912,SOUTH OF SCOTLAND COMMUNITY HOUSING,,,scottish-charitable-incorporated-organisation,,[],https://www.southofscotlandrep.com/media/cncpfn4x/sos-rep-housing-action-plan-2024_digital-version.pdf,"['04-9611-060', '000000\n1080', '00\n2023-10-04']","['e@S.XBH', 'info@tommanleyphotography.com']",,,"{'twitter': 'https://twitter.com/emptyhomesscot', 'facebook': 'https://www.facebook.com/SoSCommunityHousing/', 'linkedin': 'https://www.linkedin.com/company/sosch', 'instagram': 'https://www.instagram.com/p/Cyi1-MqshiL/', 'youtube': None}",False,False,False,False,,
Southside Housing Association,Scotland,Known Scottish Housing Association,SP001694,SOUTHSIDE HOUSING ASSOCIATION LIMITED,active,,registered-society-non-jurisdictional,,[],https://southside-ha.org/data/Audited_Report_and_Financial_Statements_to_31_March_2021_2023_11_02_09_31_24_000.pdf,"['0 0 0 0 0 722 0 333 333 0 0 278 333 278 278 556 556 556 556 556 556 556 556 556 556 333 0 0 0 0 0 0 722 722 722 722 667 611 778 722 278 556 722 611 833 722 778 667 778 722 667 611 722 667 944 667 667 0 0 0 0 0 0 0 556 611 556 611 556 333 611 611 278 278 556 278 889 611 611 611 611 389 556 333 611 556 778 556 556 0 0 0 0 0 0 0 0 0 0 0 0 0 0 0 0 0 0 0 0 0 0 0 0 0 0 0 0 0 0 0 0 0 0 0 0 0 0 0 0 0 556', '00 667 556 833 722 778 667 778 722 667 611 722 667 944', '0 0 0 0 0 667 191 333 333 389 0 278 333 278 278 556 556 556 556 556 556 556 556 556 556 278 278 0 0 0 556 0 667 667 722 722 667 611 778 722 278 500 667 556 833 722 778 667 778 722 667 611 722 667 944 0 667 0 0 0 0 0 0 0 556 556 500 556 556 278 556 556 222 222 500 222 833 556 556 556 556 333 500 278 556 500 722 500 500 0 0 0 0 0 0 0 0 0 0 0 0 0 0 0 0 0 0 0 0 0 0 0 0 0 0 0 0 0 0 0 0 0 0 0 0 0 0 0 0 0 556']",[],,,"{'twitter': None, 'facebook': None, 'linkedin': 'https://uk.linkedin.com/in/raymond-albeson-5b141435', 'instagram': None, 'youtube': None}",False,False,False,False,,
Stirling Council,Scotland,Known Scottish Housing Association,CS000594,COUNCIL ON DISABILITY STIRLING,,,scottish-charitable-incorporated-organisation,,[],https://www.disabilityscot.org.uk/info-guide/welfare-rights-support/,"['01851 822644 ', '0808 808 2282\n\xa0\n\n\n\n\n\n\n', '01870 602425\n\n']","['info@disabilityscot.org.uk', 'kay-mackinnon@cne-siar.gov.uk']",,,"{'twitter': None, 'facebook': 'https://www.facebook.com/disabilityinfoscot', 'linkedin': None, 'instagram': None, 'youtube': None}",True,True,False,True,,
Thenue Housing Association,Scotland,Known Scottish Housing Association,SP1933RS,THENUE HOUSING ASSOCIATION LIMITED,active,,registered-society-non-jurisdictional,,[],,,,,,,,,,,,
Viewpoint Housing Association,Scotland,Known Scottish Housing Association,SP1228RS,VIEWPOINT HOUSING ASSOCIATION LIMITED,converted-closed,,industrial-and-provident-society,,[],https://www.viewpoint.org.uk/media/4960/final-2024-signed-statutory-accounts.pdf,"['0 0 595 841 ', '0 750 750 750 750 722 750 \n333 333 750 750 277 333 277 277 \n556 556 556 556 556 556 556 556 \n556 556 333 750 750 750 750 750 \n750 722 722 722 722 666 610 777 \n722 277 556 722 610 833 722 777 \n666 777 722 666 610 722 666 943 \n666 666 750 750 750 750 750 750 \n750 556 610 556 610 556 333 610 \n610 277 750 556 277 889 610 610 \n610 610 389 556 333 610 556 777 \n556 556 750 750 750 750 750 750 \n750 750 750 750 750 750 750 750 \n750 750 750 750 750 750 750 750 \n750 750 750 750 750 750 750 750 \n750 750 750 750 750 750 750 750 \n750 750 750 556 750 750 750 750 \n750 750 750 750 750 750 750 750 \n750 750 750 750 750 750 750 750 \n750 750 750 750 750 750 750 750 \n750 750 750 750 750 750 750 750 \n750 750 750 750 750 750 750 750 \n750 750 750 750 750 750 750 750 \n750 750 750 750 750 750 750 750 \n750 750 750 750 750 750 750 750 \n750 750 750 750 750 750 750 750 \n750 750 750 750 750 750 750 750 \n750 750 750 750 750 750 750 750 \n', '0 750 750 750 889 666 190 \n333 333 750 750 277 333 277 277 \n556 556 556 556 556 556 556 556 \n556 556 277 750 750 750 750 750 \n750 666 666 722 722 666 610 777 \n722 277 500 666 556 833 722 777 \n666 777 722 666 610 722 666 943 \n750 666 610 750 750 750 750 750 \n750 556 556 500 556 556 277 556 \n556 222 222 500 222 833 556 556 \n556 556 333 500 277 556 500 722 \n500 500 500 750 750 750 750 750 \n750 750 750 750 750 750 750 750 \n750 750 750 750 750 750 750 750 \n750 750 750 750 750 750 750 750 \n750 750 750 750 750 750 750 750 \n750 750 750 556 750 750 750 750 \n750 750 750 750 750 750 750 750 \n750 750 750 750 750 750 750 750 \n750 750 750 750 750 750 750 750 \n750 750 750 750 750 750 750 750 \n750 750 750 750 750 750 750 750 \n750 750 750 750 750 750 750 750 \n750 750 750 750 750 750 750 750 \n750 750 750 750 750 750 750 750 \n750 750 750 750 750 750 750 750 \n750 750 750 750 750 750 750 750 \n750 750 750 750 750 750 750 750 \n']",[],,,"{'twitter': None, 'facebook': None, 'linkedin': None, 'instagram': None, 'youtube': None}",False,False,False,False,,
West Highland Housing Association,Scotland,Known Scottish Housing Association,SP1691RS,WEST HIGHLAND HOUSING ASSOCIATION LIMITED,active,,registered-society-non-jurisdictional,"{'address_line_1': '', 'address_line_2': '', 'locality': '', 'postal_code': ''}",[],https://www.westhighlandha.co.uk/,['01631 566451\n0300 323 1170 ('],['mail@westhighlandha.co.uk'],,,"{'twitter': 'https://twitter.com/westhighlandha', 'facebook': 'https://www.facebook.com/westhighlandhousing/', 'linkedin': 'https://uk.linkedin.com/company/west-highland-housing-association-limited', 'instagram': None, 'youtube': None}",True,True,False,True,,
Weslo Housing Management,Scotland,Known Scottish Housing Association,RS008583,WESLO HOUSING MANAGEMENT,converted-closed,,registered-society-non-jurisdictional,,[],https://www.scottishhousingnews.com/tag/weslo-housing-management,"['021\n                                    \n\n\n3 ', '01382 472315\n\n\n\n', '021\n                                    \n\n\n\n']",['newsdesk@scottishnews.com'],Mike Bruce,,"{'twitter': 'https://x.com/ScotHousingNews', 'facebook': 'https://facebook.com/ScotHousingNews', 'linkedin': 'https://linkedin.com/company/scottish-housing-news', 'instagram': 'https://instagram.com/scottishhousingnews', 'youtube': None}",False,False,False,True,,
Wishaw & District Housing Association,Scotland,Known Scottish Housing Association,SP1085RS,WISHAW & DISTRICT EX-SERVICE MEN'S MEMORIAL INSTITUTE LIMITED,active,,registered-society-non-jurisdictional,,[],,,,,,,,,,,,
Yoker Housing Association,Scotland,Known Scottish Housing Association,SP1998RS,YOKER HOUSING ASSOCIATION LIMITED,active,,registered-society-non-jurisdictional,,[],https://www.yokerha.org.uk/contact/,"['0141 950 9050', '0141 950 6090']","['housing@yokerha.org', 'maintenance@yokerha.org.ukHousing', 'housing@yokerha.org.ukFinance']",,,"{'twitter': None, 'facebook': None, 'linkedin': 'https://uk.linkedin.com/in/sophie-clare-morrison-811447158', 'instagram': None, 'youtube': None}",False,False,False,True,,
Cordale Housing Association,Scotland,Known Scottish Housing Association,SP2411RS,CORDALE HOUSING ASSOCIATION LIMITED,active,,registered-society-non-jurisdictional,,[],,,,,,,,,,,,
Cube Housing Association,Scotland,Known Scottish Housing Association,SP02327R,CUBE HOUSING ASSOCIATION LIMITED,active,,registered-society-non-jurisdictional,"{'address_line_1': '', 'address_line_2': '', 'locality': '', 'postal_code': ''}",[],https://www.cubehousing.co.uk/__data/assets/pdf_file/0035/59588/CubeAllocationsPolicy.pdf,"['08 1359 728', '0 -210 1390 728', '0150507112540']",[],,,"{'twitter': None, 'facebook': None, 'linkedin': 'https://uk.linkedin.com/in/carol-nisbet-663562276', 'instagram': None, 'youtube': None}",False,False,False,False,,
Dumfries and Galloway Housing Partnership,Scotland,Known Scottish Housing Association,SC220297,WHEATLEY HOMES SOUTH LIMITED,active,2001-06-15,private-limited-guarant-nsc,"{'address_line_1': 'Wheatley House', 'address_line_2': '25 Cochrane Street', 'country': 'Scotland', 'locality': 'Glasgow', 'postal_code': 'G1 1HL'}",['68201'],https://www.wheatleyhomes-south.com/about-us/freedom-of-information/?external-uuid=7957791c-8116-4737-92db-9aad8a4de2bd,['0 0 595 842'],[],,,"{'twitter': None, 'facebook': None, 'linkedin': None, 'instagram': None, 'youtube': None}",False,False,False,False,,
East Ayrshire Council,Scotland,Known Scottish Housing Association,SC247449,COUNCIL OF VOLUNTARY ORGANISATIONS (EAST AYRSHIRE) LIMITED,active,2003-04-08,private-limited-guarant-nsc,"{'address_line_1': 'Belford Mill', 'address_line_2': '16 Brewery Road', 'locality': 'Kilmarnock', 'postal_code': 'KA1 3HZ', 'region': 'Ayrshire'}",['94990'],,,,,,,,,,,,
East Dunbartonshire Council,Scotland,Known Scottish Housing Association,SC221005,WEST DUNBARTONSHIRE COUNCIL FOR VOLUNTARY SERVICES,active,2001-07-06,private-limited-guarant-nsc-limited-exemption,"{'address_line_1': 'Arcadia Business Centre', 'address_line_2': 'Miller Lane', 'locality': 'Clydebank', 'postal_code': 'G81 1UJ', 'region': 'Dunbartonshire'}",['94990'],,,,,,,,,,,,
East Renfrewshire Council,Scotland,Known Scottish Housing Association,SC187421,VOLUNTARY ACTION EAST RENFREWSHIRE,converted-closed,1998-07-07,converted-or-closed,"{'address_line_1': 'Undercover', 'address_line_2': '56 Kelburn Street', 'locality': 'Barrhead', 'postal_code': 'G78 1LR', 'region': 'East Renfrewshire'}",['94990'],https://eastrencommunityhub.org.uk/listing/barrhead-housing-association-housing/,['0141 881 0638 \n\n\n'],['enquiries@barrheadha.org'],,,"{'twitter': 'https://x.com/share?text=Barrhead+Housing+Association+%28Housing+Options+Advice%29&url=https%3A%2F%2Feastrencommunityhub.org.uk%2Flisting%2Fbarrhead-housing-association-housing%2F', 'facebook': 'https://www.facebook.com/sharer/sharer.php?u=https%3A%2F%2Feastrencommunityhub.org.uk%2Flisting%2Fbarrhead-housing-association-housing%2F&quote=Barrhead+Housing+Association+%28Housing+Options+Advice%29', 'linkedin': 'https://www.linkedin.com/shareArticle?mini=true&url=https%3A%2F%2Feastrencommunityhub.org.uk%2Flisting%2Fbarrhead-housing-association-housing%2F&title=Barrhead+Housing+Association+%28Housing+Options+Advice%29', 'instagram': None, 'youtube': None}",False,True,False,True,,
Inverclyde Council,Scotland,Known Scottish Housing Association,SC264786,INVERCLYDE COUNCIL ON DISABILITY LIMITED,dissolved,2004-03-11,private-limited-guarant-nsc,"{'address_line_1': '75-81 Cathcart Street 75-81 Cathcart Street', 'address_line_2': 'Inverclyde Community Hub', 'country': 'United Kingdom', 'locality': 'Greenock', 'po_box': 'PA15 1DE', 'postal_code': 'PA15 1DE'}",['88100'],,,,,,,,,,,,
Midlothian Council,Scotland,Known Scottish Housing Association,SC818035,BARK SIDE OF MIDLOTHIAN LIMITED,active,2024-07-31,ltd,"{'address_line_1': 'Third Floor, 3', 'address_line_2': 'Hill Street', 'country': 'Scotland', 'locality': 'Edinburgh', 'postal_code': 'EH2 3JP'}","['85590', '96090']",,,,,,,,,,,,
Moray Council,Scotland,Known Scottish Housing Association,SL004305,A. BAKER AND THE MORAY COUNCIL,active,2001-07-20,limited-partnership,"{'address_line_1': 'Field B', 'address_line_2': 'Clovenside', 'locality': 'Forres'}",[],,,,,,,,,,,,
North Ayrshire Council,Scotland,Known Scottish Housing Association,SC210447,COUNCIL FOR VOLUNTARY SERVICE NORTH AYRSHIRE,dissolved,2000-08-30,private-limited-guarant-nsc-limited-exemption,"{'address_line_1': '1a Winton Building', 'address_line_2': 'Ardrossan', 'locality': 'North Ayrshire', 'postal_code': 'KA22 8BY'}",['9133'],,,,,,,,,,,,
Perth and Kinross Council,Scotland,Known Scottish Housing Association,SC678737,ACCOUNTANCY SCOTLAND (PERTH AND KINROSS) LIMITED,active,2020-10-26,ltd,"{'address_line_1': '1 Dalhousie Terrace', 'address_line_2': 'Morningside', 'country': 'Scotland', 'locality': 'Edinburgh', 'postal_code': 'EH10 5NE', 'region': 'Midlothian'}","['69201', '69202', '69203', '84130']",,,,,,,,,,,,
Renfrewshire Council,Scotland,Known Scottish Housing Association,SC187421,VOLUNTARY ACTION EAST RENFREWSHIRE,converted-closed,1998-07-07,converted-or-closed,"{'address_line_1': 'Undercover', 'address_line_2': '56 Kelburn Street', 'locality': 'Barrhead', 'postal_code': 'G78 1LR', 'region': 'East Renfrewshire'}",['94990'],https://eastrencommunityhub.org.uk/listing/barrhead-housing-association-housing/,['0141 881 0638 \n\n\n'],['enquiries@barrheadha.org'],,,"{'twitter': 'https://x.com/share?text=Barrhead+Housing+Association+%28Housing+Options+Advice%29&url=https%3A%2F%2Feastrencommunityhub.org.uk%2Flisting%2Fbarrhead-housing-association-housing%2F', 'facebook': 'https://www.facebook.com/sharer/sharer.php?u=https%3A%2F%2Feastrencommunityhub.org.uk%2Flisting%2Fbarrhead-housing-association-housing%2F&quote=Barrhead+Housing+Association+%28Housing+Options+Advice%29', 'linkedin': 'https://www.linkedin.com/shareArticle?mini=true&url=https%3A%2F%2Feastrencommunityhub.org.uk%2Flisting%2Fbarrhead-housing-association-housing%2F&title=Barrhead+Housing+Association+%28Housing+Options+Advice%29', 'instagram': None, 'youtube': None}",False,True,False,True,,
South Ayrshire Council,Scotland,Known Scottish Housing Association,SC097498,AYRSHIRE COUNCIL ON ALCOHOL THE,active,1986-02-25,private-limited-guarant-nsc,"{'address_line_1': '24 Fullarton Street', 'locality': 'Ayr', 'postal_code': 'KA7 1UB', 'region': 'Ayrshire'}",['86900'],,,,,,,,,,,,
South Lanarkshire Council,Scotland,Known Scottish Housing Association,SC747820,SOUTH LANARKSHIRE COUNCIL NOMINEES LIMITED,active,2022-10-19,ltd,"{'address_line_1': 'South Lanarkshire Council Council Offices', 'address_line_2': 'Almada Street', 'country': 'United Kingdom', 'locality': 'Hamilton', 'postal_code': 'ML3 0AA'}",['84110'],,,,,,,,,,,,
West Dunbartonshire Council,Scotland,Known Scottish Housing Association,SC221005,WEST DUNBARTONSHIRE COUNCIL FOR VOLUNTARY SERVICES,active,2001-07-06,private-limited-guarant-nsc-limited-exemption,"{'address_line_1': 'Arcadia Business Centre', 'address_line_2': 'Miller Lane', 'locality': 'Clydebank', 'postal_code': 'G81 1UJ', 'region': 'Dunbartonshire'}",['94990'],,,,,,,,,,,,
Aberdeen City Council,Scotland,Known Scottish Housing Association,SL004112,"ALEXANDER THOMAS BROWN, MRS LYNN MARGARET BROWN AND ABERDEEN CITY COUNCIL",active,2001-03-01,limited-partnership,"{'address_line_1': 'Holmhead Farm', 'address_line_2': 'Bucksburn', 'locality': 'Aberdeen'}",[],,,,,,,,,,,,
Aberdeenshire Council,Scotland,Known Scottish Housing Association,SL003612,ALEXANDER C REID AND THE ABERDEENSHIRE COUNCIL,active,1999-10-14,limited-partnership,"{'address_line_1': 'Sillyflatt', 'address_line_2': 'Inverbervie'}",[],,,,,,,,,,,,
Angus Council,Scotland,Known Scottish Housing Association,NP000310,ABERDEEN ANGUS LIVESTOCK (N.I.) LIMITED,converted-closed,,industrial-and-provident-society,"{'address_line_1': '', 'address_line_2': '', 'locality': '', 'postal_code': ''}",[],,,,,,,,,,,,
Argyll and Bute Council,Scotland,Known Scottish Housing Association,SC221948,ARGYLL AND BUTE CARE AND REPAIR,active,2001-08-07,private-limited-guarant-nsc-limited-exemption,"{'address_line_1': '5 Stafford Street', 'locality': 'Oban', 'postal_code': 'PA34 5NJ', 'region': 'Argyll'}","['86900', '96040']",,,,,,,,,,,,
City of Edinburgh Council,Scotland,Known Scottish Housing Association,LP012169,CITY OF BRADFORD METROPOLITAN DISTRICT COUNCIL FUND KCP1 L.P.,active,2007-05-30,limited-partnership,"{'address_line_1': '13 Park Place', 'locality': 'Leeds', 'postal_code': 'LS1 2SJ'}",[],,,,,,,,,,,,
Clackmannanshire Council,Scotland,Known Scottish Housing Association,SC217595,COUNCIL OF VOLUNTARY SERVICE CLACKMANNANSHIRE LTD.,dissolved,2001-03-30,private-limited-guarant-nsc,"{'address_line_1': 'Apex 3 95 Haymarket Terrace', 'care_of': 'FRP ADVISORY LLP', 'locality': 'Edinburgh', 'postal_code': 'EH12 5HD'}",['94990'],,,,,,,,,,,,
Dundee City Council,Scotland,Known Scottish Housing Association,SC402714,DUNDEE CITY COUNCIL NOMINEES LIMITED,active,2011-06-30,ltd,"{'address_line_1': '21 City Square', 'locality': 'Dundee', 'postal_code': 'DD1 3BY'}",['84110'],,,,,,,,,,,,
Comhairle nan Eilean Siar,Scotland,Known Scottish Housing Association,CS001945,AUTISM EILEANAN SIAR SCIO,,,scottish-charitable-incorporated-organisation,,[],,,,,,,,,,,,
Our Regulation Of Social Housing In Scotland A Consultation,Scotland,Scottish Regulator - https://www.housingregulator.gov.scot/for-landlords/registered-social-landlords,14750972,INTERNATIONAL SCHOOL OF COMPLIANCE AND REGULATION LTD,active,2023-03-23,ltd,"{'address_line_1': '14 Hattons Lane', 'locality': 'Liverpool', 'postal_code': 'L16 7QS'}",['70229'],,,,,,,,,,,,
Our Regulation Of Social Housing A Discussion Paper,Scotland,Scottish Regulator - https://www.housingregulator.gov.scot/for-landlords/registered-social-landlords,CE021839,FODIP (THE FORUM FOR DISCUSSION OF ISRAEL AND PALESTINE),,,charitable-incorporated-organisation,,[],,,,,,,,,,,,
Our Regulation Of Social Housing In Scotland Consultation Outcome,Scotland,Scottish Regulator - https://www.housingregulator.gov.scot/for-landlords/registered-social-landlords,SO306469,BRIDGES SOCIAL OUTCOMES FUND II (SCOTLAND) GENERAL PARTNER LLP,active,2018-07-04,llp,"{'address_line_1': '50 Lothian Road', 'address_line_2': 'Festival Square', 'country': 'Scotland', 'locality': 'Edinburgh', 'postal_code': 'EH3 9WJ'}",[],,,,,,,,,,,,
Annual Return On The Scottish Social Housing Charter Consultation Outcome,Scotland,Scottish Regulator - https://www.housingregulator.gov.scot/for-landlords/registered-social-landlords,05459109,ANNUAL RETURN FILING SERVICES LIMITED,liquidation,2005-05-20,ltd,"{'address_line_1': '204-205 Station Street', 'country': 'United Kingdom', 'locality': 'Burton-On-Trent', 'postal_code': 'DE14 1AN', 'region': 'Staffordshire'}",['7487'],,,,,,,,,,,,
Michael Cameron - Tpas Housing Professionals Conference - 26 September 2019,Scotland,Scottish Regulator - https://www.housingregulator.gov.scot/for-landlords/registered-social-landlords,11546749,P1 1 YR GROWTH LIMITED,active,2018-09-01,ltd,"{'address_line_1': '47a Broadgates, Market Place', 'country': 'England', 'locality': 'Henley-On-Thames', 'postal_code': 'RG9 2AD'}",['64303'],,,,,,,,,,,,
Ian Brennan  Social Housing Scottish Annual Conference   5 September 2019,Scotland,Scottish Regulator - https://www.housingregulator.gov.scot/for-landlords/registered-social-landlords,SC199311,SCOTTISH HOUSING AND SUPPORT CONFERENCE,dissolved,1999-08-27,private-limited-guarant-nsc-limited-exemption,"{'address_line_1': 'Stanhope House', 'address_line_2': 'Stanhope Place', 'care_of': 'HOMELESS ACTION SCOTLAND', 'locality': 'Edinburgh', 'postal_code': 'EH12 5HH'}",['82990'],,,,,,,,,,,,
Michael Cameron - Scotlands Housing Network - Scrutiny And Vfm Practice Exchange - 21 August 2019,Scotland,Scottish Regulator - https://www.housingregulator.gov.scot/for-landlords/registered-social-landlords,SC401352,SCOTLAND'S HOUSING NETWORK,active,2011-06-09,private-limited-guarant-nsc-limited-exemption,"{'address_line_1': '5 South Charlotte Street', 'country': 'Scotland', 'locality': 'Edinburgh', 'postal_code': 'EH2 4AN'}",['94110'],https://scotlandshousingnetwork.org/,['0131 5819222\n'],['info@scotlandshousingnetwork.org'],,,"{'twitter': 'https://twitter.com/ScotHousingNet', 'facebook': 'https://www.facebook.com/scotlandshousingnetwork', 'linkedin': ""https://www.linkedin.com/company/scotland's-housing-network/"", 'instagram': None, 'youtube': 'https://www.youtube.com/@scotlandshousingnetwork3738'}",False,True,False,True,,
The Housing Finance Corporation Thfc - Received 23 July 2020,Scotland,Scottish Regulator - https://www.housingregulator.gov.scot/for-landlords/registered-social-landlords,IP28475R,T.H.F.C. (SOCIAL HOUSING FINANCE) LIMITED,active,,registered-society-non-jurisdictional,"{'address_line_1': '', 'address_line_2': '', 'locality': '', 'postal_code': ''}",[],,,,,,,,,,,,
Cunninghame Housing Association - Consultation Response 2020 - Received 24 July 2020,Scotland,Scottish Regulator - https://www.housingregulator.gov.scot/for-landlords/registered-social-landlords,12731188,ROCKIN' AT THE ROAN JULY 2020 LTD,dissolved,2020-07-09,private-limited-guarant-nsc,"{'address_line_1': '5 Abbots Way', 'address_line_2': 'Formby', 'country': 'England', 'locality': 'Liverpool', 'postal_code': 'L37 6DR'}",['93290'],,,,,,,,,,,,
Key Housing Association - Consultation Response 2020 - Received 27 July 2020,Scotland,Scottish Regulator - https://www.housingregulator.gov.scot/for-landlords/registered-social-landlords,12731188,ROCKIN' AT THE ROAN JULY 2020 LTD,dissolved,2020-07-09,private-limited-guarant-nsc,"{'address_line_1': '5 Abbots Way', 'address_line_2': 'Formby', 'country': 'England', 'locality': 'Liverpool', 'postal_code': 'L37 6DR'}",['93290'],,,,,,,,,,,,
Shire Housing Association - Received 3 August 2020,Scotland,Scottish Regulator - https://www.housingregulator.gov.scot/for-landlords/registered-social-landlords,SP2515RS,SHIRE HOUSING ASSOCIATION LIMITED,active,,registered-society-non-jurisdictional,,[],https://shirehousing.co.uk/wp-content/uploads/2019/04/Tenant-Handbook.pdf,"['0\n159\n227\n\n\n', '0\n150\n64\n\n\n', '000000\n5000']",[],,,"{'twitter': 'https://twitter.com/bellsbankps', 'facebook': 'https://www.facebook.com/shirehousingassociation/', 'linkedin': 'https://uk.linkedin.com/company/shire-housing-association-limited', 'instagram': None, 'youtube': None}",False,False,False,False,,
Ardenglen Housing Association - Received 31 July 2020,Scotland,Scottish Regulator - https://www.housingregulator.gov.scot/for-landlords/registered-social-landlords,SP02339R,ARDENGLEN HOUSING ASSOCIATION LIMITED,active,,registered-society-non-jurisdictional,,[],https://ardenglen.co.uk/data/Staffing_Sub_Committee_Terms_of_Reference_2021_07_01_16_51_17.pdf,"['0 0 0 0 0 667 0 333 333 0 0 278 333 278 278 0 556 556 556 556 556 556 556 0 0 278 0 0 0 0 0 0 667 667 722 722 667 611 778 722 278 0 0 0 833 0 778 667 0 722 667 611 722 667 0 0 0 0 0 0 0 0 0 0 556 556 500 556 556 278 556 556 222 0 500 222 833 556 556 556 556 333 500 278 556 500 722 500 500 0 0 0 0 0 0 0 0 0 0 0 0 0 0 0 0 0 0 0 0 0 0 0 0 0 0 0 0 0 0 0 0 0 0 0 0 0 0 0 0 0 556', '00 222 833 556 556 556 556 333 500 278 556 500 722 500 500', '00 556 556 278 556 556 222']",[],,,"{'twitter': None, 'facebook': None, 'linkedin': 'https://uk.linkedin.com/company/ardenglen-housing-association-limited', 'instagram': None, 'youtube': None}",False,False,False,False,,
Loreburn Housing Association - Consultation Response - Received 11 August 2020,Scotland,Scottish Regulator - https://www.housingregulator.gov.scot/for-landlords/registered-social-landlords,SP002110,LOREBURN HOUSING ASSOCIATION LIMITED,active,,registered-society-non-jurisdictional,,[],https://www.loreburn.org.uk/data/Financial_Regulations_V6_2021_10_28_14_35_14.pdf,"['0 0 0 0 0 667 191 333 333 389 0 278 333 278 278 556 556 556 556 556 556 556 556 556 556 278 278 0 0 584 0 1015 667 667 722 722 667 611 778 722 278 0 667 556 833 722 778 667 0 722 667 611 722 667 944 667 667 0 0 0 0 0 0 0 556 556 500 556 556 278 556 556 222 222 500 222 833 556 556 556 556 333 500 278 556 500 722 500 500 0 0 260 0 0 0 0 0 0 0 0 0 0 0 0 0 0 0 0 0 0 0 0 0 0 0 0 0 0 0 0 0 0 0 0 0 0 0 0 0 0 556', '00 556 556 278 556 556 222 222 500 222 833 556 556 556 556 333 500 278 556 500 722 500 500', '015 667 667 722 722 667 611 778 722 278']",[],,,"{'twitter': None, 'facebook': None, 'linkedin': 'https://uk.linkedin.com/in/kirsty-paul-a5b10715a', 'instagram': None, 'youtube': None}",False,False,False,False,,
Ochil View Housing Association - Received 11 August 2020,Scotland,Scottish Regulator - https://www.housingregulator.gov.scot/for-landlords/registered-social-landlords,RS002310,OCHIL VIEW HOUSING ASSOCIATION LIMITED,,,registered-society-non-jurisdictional,,[],https://www.ochilviewha.co.uk/uploaded/portal/files/Secure%20Tenancy%20Agreement.pdf,"['0\n\n\n3939600684\n', '00\n2019-10-10']",[],,,"{'twitter': None, 'facebook': None, 'linkedin': None, 'instagram': None, 'youtube': None}",False,False,False,False,,
Rutherglen And Cambuslang Housing Association - Received 12 August 2020,Scotland,Scottish Regulator - https://www.housingregulator.gov.scot/for-landlords/registered-social-landlords,SP2029RS,RUTHERGLEN AND CAMBUSLANG HOUSING ASSOCIATION LIMITED,active,,registered-society-non-jurisdictional,,[],,,,,,,,,,,,
Cathcart And District Housing Association Received 12 August 2020,Scotland,Scottish Regulator - https://www.housingregulator.gov.scot/for-landlords/registered-social-landlords,SP01821R,CATHCART AND DISTRICT HOUSING ASSOCIATION LIMITED,active,,registered-society-non-jurisdictional,,[],,,,,,,,,,,,
Paragon Housing Association - Received 12 August 2020,Scotland,Scottish Regulator - https://www.housingregulator.gov.scot/for-landlords/registered-social-landlords,RS2521RS,PARAGON HOUSING ASSOCIATION LIMITED,,,registered-society-non-jurisdictional,,[],https://paragonha.org.uk/data/PHA_24_Signed_Financial_Statements_Redacted_2024_09_26_12_52_11.pdf,['0 0 842 0 0 '],[],,,"{'twitter': None, 'facebook': None, 'linkedin': None, 'instagram': None, 'youtube': None}",False,False,False,False,,
Cernach Housing Association Consultation Response - Received 13 August 2020,Scotland,Scottish Regulator - https://www.housingregulator.gov.scot/for-landlords/registered-social-landlords,SP2374RS,CERNACH HOUSING ASSOCIATION LIMITED,active,,registered-society-non-jurisdictional,"{'address_line_1': '', 'address_line_2': '', 'locality': '', 'postal_code': ''}",[],https://www.cernachha.co.uk/data/Rent_Management_Policy___March_2023_2024_12_13_14_13_47.pdf,"['0241213141018\n\n', '0241213\n\n\n\n\r\n']",[],,,"{'twitter': None, 'facebook': None, 'linkedin': 'https://uk.linkedin.com/in/karen-dyson-673296122', 'instagram': None, 'youtube': None}",False,False,False,False,,
Kingdom Housing Association Consultation Response - Received 13 August 2020,Scotland,Scottish Regulator - https://www.housingregulator.gov.scot/for-landlords/registered-social-landlords,IP18579R,HELP THE AGED HOUSING ASSOCIATION (UNITED KINGDOM)LIMITED,active,,registered-society-non-jurisdictional,,[],,,,,,,,,,,,
Fairfield Housing Cooperative Consultation Response - Received 13 August 2020,Scotland,Scottish Regulator - https://www.housingregulator.gov.scot/for-landlords/registered-social-landlords,10346756,COOPERATIVE RESPONSE SECURITY LTD,dissolved,2016-08-25,ltd,"{'address_line_1': '67 B Hartham Road', 'address_line_2': 'Islington', 'country': 'England', 'locality': 'London', 'postal_code': 'N7 9JJ'}",['82990'],,,,,,,,,,,,
Rural Stirling  Housing Association - Received 13 August 2020,Scotland,Scottish Regulator - https://www.housingregulator.gov.scot/for-landlords/registered-social-landlords,SP00878R,RURAL STIRLING HOUSING ASSOCIATION LIMITED,active,,registered-society-non-jurisdictional,,[],,,,,,,,,,,,
Easterhouse Housing And Regeneration Alliance - Received 13 August 2020,Scotland,Scottish Regulator - https://www.housingregulator.gov.scot/for-landlords/registered-social-landlords,12018360,CATALYST HOUSING AND REGENERATION LTD,active,2019-05-28,ltd,"{'address_line_1': '60 Herrick Road', 'country': 'England', 'locality': 'Birmingham', 'postal_code': 'B8 1NT'}","['41100', '41202', '68320', '70229']",,,,,,,,,,,,
Reidvale Housing Association - Consultation Response - Received 13 August 2020,Scotland,Scottish Regulator - https://www.housingregulator.gov.scot/for-landlords/registered-social-landlords,SP1825RS,REIDVALE HOUSING ASSOCIATION,active,,registered-society-non-jurisdictional,,[],https://reidvale.org.uk/,"['0141 554 2406 ', '0141 554 2406 - ']",['a.dundas@reidvale.org.uk'],,,"{'twitter': None, 'facebook': 'https://www.facebook.com/groups/1074990752646948/posts/3895521227260539/', 'linkedin': 'https://uk.linkedin.com/company/reidvale-housing-association', 'instagram': None, 'youtube': 'https://www.youtube.com/watch?v=ba37-3TvTxY'}",False,False,False,True,,
Dalmuir Park Housing Association Consultation Response - Received 13 August 2020,Scotland,Scottish Regulator - https://www.housingregulator.gov.scot/for-landlords/registered-social-landlords,SP1917RS,DALMUIR PARK HOUSING ASSOCIATION LIMITED,active,,registered-society-non-jurisdictional,,[],,,,,,,,,,,,
Pineview Housing Association Consultation Response - Received 13 August 2020,Scotland,Scottish Regulator - https://www.housingregulator.gov.scot/for-landlords/registered-social-landlords,SP2375RS,PINEVIEW HOUSING ASSOCIATION LIMITED,active,,registered-society-non-jurisdictional,"{'address_line_1': '', 'address_line_2': '', 'locality': '', 'postal_code': ''}",[],https://www.pineview.org.uk/privacy-policy/,"['0141 944 3891\n\n\n\n\n\n\n\n\n\n\n\n\n', '07575 838 625', '0141 944 3891 ']","['pineviewdpo@infolawsolutions.co.uk', 'mail@pineview.org.uk']",,,"{'twitter': None, 'facebook': 'https://www.facebook.com/pineviewhousing/', 'linkedin': 'https://uk.linkedin.com/in/joyce-orr-b9091227', 'instagram': None, 'youtube': None}",False,True,False,True,,
Forth Housing Association Consultation Response - Received 14 August 2020,Scotland,Scottish Regulator - https://www.housingregulator.gov.scot/for-landlords/registered-social-landlords,SP02268R,FORTH HOUSING ASSOCIATION,active,,registered-society-non-jurisdictional,,[],https://www.forthha.org.uk/,"['01786 446 066', '01786 446066']",['info@forthha.org.uk'],,,"{'twitter': None, 'facebook': 'https://www.facebook.com/profile.php?id=100087155622546', 'linkedin': 'https://uk.linkedin.com/company/forth-housing-association-ltd', 'instagram': None, 'youtube': 'https://www.youtube.com/watch?v=txmGYQPnvME'}",False,True,True,True,,
Glen Housing Association - Received 14 August 2020,Scotland,Scottish Regulator - https://www.housingregulator.gov.scot/for-landlords/registered-social-landlords,IP24936R,REFORM (14) HOUSING ASSOCIATION LIMITED,converted-closed,,industrial-and-provident-society,,[],,,,,,,,,,,,
Oak Tree And Cloch Housing Associations Consultation Response - Received 14 August 2020,Scotland,Scottish Regulator - https://www.housingregulator.gov.scot/for-landlords/registered-social-landlords,SC307677,GLASGOW AND WEST OF SCOTLAND FORUM OF HOUSING ASSOCIATIONS,active,2006-08-30,private-limited-guarant-nsc-limited-exemption,"{'address_line_1': 'Merchants House', 'address_line_2': '7 West George Street', 'care_of': 'TC YOUNG LLP', 'locality': 'Glasgow', 'postal_code': 'G2 1BA'}",['82990'],,,,,,,,,,,,
Fife Housing Group Consultation Response - Received 14 August 2020,Scotland,Scottish Regulator - https://www.housingregulator.gov.scot/for-landlords/registered-social-landlords,SC375254,FIFE HOUSING GROUP YOURPLACE LIMITED,active,2010-03-22,ltd,"{'address_line_1': '7 Pitreavie Court', 'address_line_2': 'Pitreavie Business Park', 'locality': 'Dunfermline', 'postal_code': 'KY11 8UU', 'region': 'Fife'}",['82990'],https://fifehg.org.uk/who-we-are/,"['08000 274 007', '01383 606162']","['usinfo@fifehg.org.ukVisit', '007info@fifehg.org.ukHomeWho', 'info@fifehg.org']",,,"{'twitter': 'https://twitter.com/fifehg', 'facebook': None, 'linkedin': 'https://www.linkedin.com/company/fife-housing-association/', 'instagram': None, 'youtube': None}",True,True,False,True,,
Govanhill Housing Association Consultation Response - Received 14 August 2020,Scotland,Scottish Regulator - https://www.housingregulator.gov.scot/for-landlords/registered-social-landlords,SP1791RS,GOVANHILL HOUSING ASSOCIATION LIMITED,active,,registered-society-non-jurisdictional,,[],https://www.govanhillha.org/wp-content/uploads/2019/10/Audited-Accounts-19.pdf,"['0141 636 3636\n\n\n\n\n\n\n\n\n\n\n\n\n', '0141 636 3636\n']",['checkin@govanhillha.org'],,,"{'twitter': None, 'facebook': 'https://www.facebook.com/profile.php?id=100057222228315', 'linkedin': 'https://linkedin.com', 'instagram': None, 'youtube': 'https://www.youtube.com/@GovanhillHousingAssociation'}",False,True,False,True,,
Glasgow And West Of Scotland Forum Of Housing Associations Consultation Response - Received 14 August 2020,Scotland,Scottish Regulator - https://www.housingregulator.gov.scot/for-landlords/registered-social-landlords,SC307677,GLASGOW AND WEST OF SCOTLAND FORUM OF HOUSING ASSOCIATIONS,active,2006-08-30,private-limited-guarant-nsc-limited-exemption,"{'address_line_1': 'Merchants House', 'address_line_2': '7 West George Street', 'care_of': 'TC YOUNG LLP', 'locality': 'Glasgow', 'postal_code': 'G2 1BA'}",['82990'],,,,,,,,,,,,
Waverley Housing Consultation Response - Received 14 August 2020,Scotland,Scottish Regulator - https://www.housingregulator.gov.scot/for-landlords/registered-social-landlords,12128763,P1 CP SECURED AUGUST 2020 ( GROWTH ) LIMITED,active,2019-07-30,ltd,"{'address_line_1': '47a Broadgates, Market Place', 'country': 'England', 'locality': 'Henley-On-Thames', 'postal_code': 'RG9 2AD'}",['64303'],,,,,,,,,,,,
Craigdale Housing Association Consultation Response - Received 14 August 2020,Scotland,Scottish Regulator - https://www.housingregulator.gov.scot/for-landlords/registered-social-landlords,SP02296R,CRAIGDALE HOUSING ASSOCIATION LIMITED,active,,registered-society-non-jurisdictional,,[],,,,,,,,,,,,
Scottish Borders Housing Association Consultation Response - Received 14 August 2020,Scotland,Scottish Regulator - https://www.housingregulator.gov.scot/for-landlords/registered-social-landlords,SP2573RS,SCOTTISH BORDERS HOUSING ASSOCIATION LIMITED,active,,registered-society-non-jurisdictional,"{'address_line_1': '', 'address_line_2': '', 'locality': '', 'postal_code': ''}",[],,,,,,,,,,,,
Scottish Federation Of Housing Associations Consultation Response - Received 14 August 2020,Scotland,Scottish Regulator - https://www.housingregulator.gov.scot/for-landlords/registered-social-landlords,SC059549,THE SCOTTISH FEDERATION OF HOUSING ASSOCIATIONS LIMITED,active,1976-03-08,private-limited-guarant-nsc,"{'address_line_1': 'Libertas House Libertas House', 'address_line_2': '3rd Floor, 39 St.Vincent Place', 'country': 'Scotland', 'locality': 'Glasgow', 'postal_code': 'G1 2ER'}",['94120'],,,,,,,,,,,,
Manor Estates Housing Association Consultation Response - Received 14 August 2020,Scotland,Scottish Regulator - https://www.housingregulator.gov.scot/for-landlords/registered-social-landlords,SP2484RS,MANOR ESTATES HOUSING ASSOCIATION LIMITED,active,,registered-society-non-jurisdictional,,[],https://www.manorestates.org.uk/,"['000157\n\n\n\n\n\n\n\n\n\n\n\n\n\n\n\n\n\n\n\n\n\n\n\n\n\n\n\n\n\n\n\n\n\n\n\n\n\n\n\n\n\n\n', '0131 510 8540\n']",['info@manorestates.org.uk'],,,"{'twitter': 'https://twitter.com/ManorEstatesHA', 'facebook': 'https://en-gb.facebook.com/Manor-Estates-Housing-Association-109393442563065/', 'linkedin': 'https://uk.linkedin.com/company/manor-estates-housing-association-limited', 'instagram': None, 'youtube': None}",False,False,False,True,,
Ian Brennan - Social Housing Scottish Annual Conference - 15 September 2020,Scotland,Scottish Regulator - https://www.housingregulator.gov.scot/for-landlords/registered-social-landlords,SC199311,SCOTTISH HOUSING AND SUPPORT CONFERENCE,dissolved,1999-08-27,private-limited-guarant-nsc-limited-exemption,"{'address_line_1': 'Stanhope House', 'address_line_2': 'Stanhope Place', 'care_of': 'HOMELESS ACTION SCOTLAND', 'locality': 'Edinburgh', 'postal_code': 'EH12 5HH'}",['82990'],,,,,,,,,,,,
Manor Estates Housing Association Response To Eessh2 Consultation,Scotland,Scottish Regulator - https://www.housingregulator.gov.scot/for-landlords/registered-social-landlords,SP2484RS,MANOR ESTATES HOUSING ASSOCIATION LIMITED,active,,registered-society-non-jurisdictional,,[],https://www.manorestates.org.uk/,"['000157\n\n\n\n\n\n\n\n\n\n\n\n\n\n\n\n\n\n\n\n\n\n\n\n\n\n\n\n\n\n\n\n\n\n\n\n\n\n\n\n\n\n\n', '0131 510 8540\n']",['info@manorestates.org.uk'],,,"{'twitter': 'https://twitter.com/ManorEstatesHA', 'facebook': 'https://en-gb.facebook.com/Manor-Estates-Housing-Association-109393442563065/', 'linkedin': 'https://uk.linkedin.com/company/manor-estates-housing-association-limited', 'instagram': None, 'youtube': None}",False,False,False,True,,
Grampian Housing Association Response To Eessh2 Consultation,Scotland,Scottish Regulator - https://www.housingregulator.gov.scot/for-landlords/registered-social-landlords,SP1769RS,GRAMPIAN HOUSING ASSOCIATION LIMITED,active,,registered-society-non-jurisdictional,,[],https://www.grampianhousing.co.uk/corporate-statements/,"['0141 204 8989 ', '0141 566 7000', '023\n\xa0\n\n\n\n\n\n\n\n\n\n\n\n\n\n\n\n\n\n\n']","['info@alexandersloan.co.uk', 'info@wbg.co.uk', '202900info@grampianhousing.co.uk']",,,"{'twitter': 'https://www.x.com/GrampianHA', 'facebook': 'https://www.facebook.com/GrampianHousingAssociation', 'linkedin': 'https://uk.linkedin.com/in/linda-clarke-865b79a8', 'instagram': 'https://www.instagram.com/associationgrampianhousing/', 'youtube': None}",False,False,False,True,,
Milnbank Housing Association Response To Eessh2 Consultation,Scotland,Scottish Regulator - https://www.housingregulator.gov.scot/for-landlords/registered-social-landlords,SP01818R,MILNBANK HOUSING ASSOCIATION LIMITED,active,,registered-society-non-jurisdictional,,[],,,,,,,,,,,,
What Does The Past Year Mean For The Future Of Social Housing And Its Regulation A Blog By Our Chief Executive Michael Cameron,Scotland,Scottish Regulator - https://www.housingregulator.gov.scot/for-landlords/registered-social-landlords,04053417,THE SOCIETY OF LOCAL AUTHORITY CHIEF EXECUTIVES AND SENIOR MANAGERS (SOLACE GROUP) LTD,active,2000-08-16,private-limited-guarant-nsc,"{'address_line_1': 'Ground Floor', 'address_line_2': '2 Red Hall Court', 'country': 'England', 'locality': 'Wakefield', 'postal_code': 'WF1 2UN'}","['74909', '82990', '85590']",,,,,,,,,,,,
Ian Brennan - Social Housing Finance Conference - 19 May 2021,Scotland,Scottish Regulator - https://www.housingregulator.gov.scot/for-landlords/registered-social-landlords,SC553093,IAN ELRICK SOCIAL HOUSING SERVICES LTD,dissolved,2016-12-21,ltd,"{'address_line_1': '1 Coltmuir Gardens', 'address_line_2': 'Bishopbriggs', 'country': 'Scotland', 'locality': 'Glasgow', 'postal_code': 'G64 2SX'}","['70221', '70229']",,,,,,,,,,,,
The Impact Of Covid-19 On The Social Housing Sector In Scotland And Comparisons With The Whole Of The Uk - August 2021,Scotland,Scottish Regulator - https://www.housingregulator.gov.scot/for-landlords/registered-social-landlords,RS008455,THE INSTITUTE OF SOCIAL IMPACT RESEARCH LIMITED,,,registered-society-non-jurisdictional,,[],,,,,,,,,,,,
Michael Cameron - Scotlands Housing Festival - 20 May 2022,Scotland,Scottish Regulator - https://www.housingregulator.gov.scot/for-landlords/registered-social-landlords,12581221,FESTIVAL 2022 LIMITED,dissolved,2020-05-01,private-limited-guarant-nsc,"{'address_line_1': 'Pricewaterhousecoopers Llp', 'address_line_2': 'One Chamberlain Square', 'locality': 'Birmingham', 'postal_code': 'B3 3AX'}",['90020'],,,,,,,,,,,,
Helen Shaw And Nicola Harcus - Scottish Housing Networks Annual Gathering - 27 October 2022,Scotland,Scottish Regulator - https://www.housingregulator.gov.scot/for-landlords/registered-social-landlords,13364864,ISHA ANNUAL SCIENTIFIC MEETING 2022 LIMITED,dissolved,2021-04-28,private-limited-guarant-nsc,"{'address_line_1': 'C/O Tc Group The Courtyard, Shoreham Road', 'address_line_2': 'Upper Beeding', 'country': 'United Kingdom', 'locality': 'Steyning', 'postal_code': 'BN44 3TN', 'region': 'West Sussex'}",['82302'],,,,,,,,,,,,
Michael Cameron - Cih Housing Festival - 8 March 2023,Scotland,Scottish Regulator - https://www.housingregulator.gov.scot/for-landlords/registered-social-landlords,14517754,STRIKE OFF 1 MARCH 2023 LIMITED,dissolved,2022-12-01,ltd,"{'address_line_1': 'Collingham House (Room 201) 6-12 Gladstone Road', 'address_line_2': 'Wimbledon', 'country': 'England', 'locality': 'London', 'postal_code': 'SW19 1QT'}",['62020'],,,,,,,,,,,,
Our Regulation Of Social Housing In Scotland Our Response To Consultation Feedback - February 2024,Scotland,Scottish Regulator - https://www.housingregulator.gov.scot/for-landlords/registered-social-landlords,08460138,OUR SOCIAL HOUSING LTD,dissolved,2013-03-25,ltd,"{'address_line_1': 'Unit 2 134, Archer Road', 'locality': 'Sheffield', 'postal_code': 'S8 0JZ', 'region': 'South Yorkshire'}",['55900'],,,,,,,,,,,,
Michael Cameron  Cih Housing Festival  6 March 2024,Scotland,Scottish Regulator - https://www.housingregulator.gov.scot/for-landlords/registered-social-landlords,15560562,NEWHOLDCO (MARCH 2024) LIMITED,active,2024-03-13,ltd,"{'address_line_1': 'Jack Straws Castle', 'address_line_2': 'North End Way', 'country': 'England', 'locality': 'London', 'postal_code': 'NW3 7ES'}",['64209'],,,,,,,,,,,,
Consultation On Indicators For Monitoring The Scottish Social Housing Charter - Our Response - January 2025,Scotland,Scottish Regulator - https://www.housingregulator.gov.scot/for-landlords/registered-social-landlords,SC102981,THE SCOTTISH FOUNDATION FOR SOCIAL AND ECONOMIC DEVELOPMENT,active,1987-01-30,private-limited-guarant-nsc,"{'address_line_1': '12 Eastbank Drive', 'country': 'Scotland', 'locality': 'Glasgow', 'postal_code': 'G32 0HU'}","['78109', '96090']",,,,,,,,,,,,
Briefing On Grenfell Tower Inquiry Phase 2 Report And The Social Housing Regulation Act 2023,Scotland,Scottish Regulator - https://www.housingregulator.gov.scot/for-landlords/registered-social-landlords,12385080,THE INTERNATIONAL CHORAL EMULATION - PHASE ONE 2020 - THE SOCIAL ENTERPRISE LTD,dissolved,2020-01-03,ltd,"{'address_line_1': '48 Sandhurst Close', 'country': 'England', 'locality': 'Redditch', 'postal_code': 'B98 9JY'}","['85520', '90020', '90030', '90040']",,,,,,,,,,,,
Read Our Reports About The Performance Of Scotlands Social Housing Sector,Scotland,Scottish Regulator - https://www.housingregulator.gov.scot/landlord-performance,04067689,THE ALLIANCE OF VOLUNTARY SECTOR ORGANISATIONS IN HEALTH AND SOCIAL CARE,dissolved,2000-09-07,private-limited-guarant-nsc-limited-exemption,"{'address_line_1': 'The Fred Bulmer Centre', 'address_line_2': 'Wall Street', 'locality': 'Hereford', 'postal_code': 'HR4 9HP', 'region': 'Herefordshire'}",['94990'],,,,,,,,,,,,
Dumfries and Galloway Council Housing,Scotland,Scottish Local Authority Housing,SC220297,WHEATLEY HOMES SOUTH LIMITED,active,2001-06-15,private-limited-guarant-nsc,"{'address_line_1': 'Wheatley House', 'address_line_2': '25 Cochrane Street', 'country': 'Scotland', 'locality': 'Glasgow', 'postal_code': 'G1 1HL'}",['68201'],https://www.wheatleyhomes-south.com/about-us/freedom-of-information/?external-uuid=7957791c-8116-4737-92db-9aad8a4de2bd,['0 0 595 842'],[],,,"{'twitter': None, 'facebook': None, 'linkedin': None, 'instagram': None, 'youtube': None}",False,False,False,False,,
East Lothian Council Housing,Scotland,Scottish Local Authority Housing,SP02266R,EAST LOTHIAN HOUSING ASSOCIATION,active,,registered-society-non-jurisdictional,,[],https://www.housingregulator.gov.scot/landlord-performance/landlords/east-lothian-housing-association-ltd/,"['018-19\r\n                    \n\n\n\r\n                       ', '025\r\n                    \n\n\n\n\n\n', '019\r\n                    \n\n\n\r\n                       ']",['enquiries@elha.com'],SHR Board,,"{'twitter': 'https://twitter.com/SHR_news', 'facebook': 'https://www.facebook.com/eastlothianhousingassociation/?locale=en_GB', 'linkedin': 'https://uk.linkedin.com/company/east-lothian-housing-association', 'instagram': None, 'youtube': None}",False,False,False,True,,
Fife Council Housing,Scotland,Scottish Local Authority Housing,SC226571,DISABLED PERSONS HOUSING SERVICE (FIFE) LIMITED,active,2001-12-24,private-limited-guarant-nsc,"{'address_line_1': 'Caledonia House Pentland Park', 'address_line_2': 'Saltire Centre', 'country': 'Scotland', 'locality': 'Glenrothes', 'postal_code': 'KY6 2AQ', 'region': 'Fife'}",['63990'],,,,,,,,,,,,
Scottish Borders Council Housing,Scotland,Scottish Local Authority Housing,SP2573RS,SCOTTISH BORDERS HOUSING ASSOCIATION LIMITED,active,,registered-society-non-jurisdictional,"{'address_line_1': '', 'address_line_2': '', 'locality': '', 'postal_code': ''}",[],,,,,,,,,,,,
West Lothian Council Housing,Scotland,Scottish Local Authority Housing,SC111744,WEST LOTHIAN VOLUNTARY COUNCIL FOR DISABLED PEOPLE LIMITED,active,1988-06-21,private-limited-guarant-nsc,"{'address_line_1': 'West Calder Community Centre', 'address_line_2': 'Dickson Street', 'country': 'Scotland', 'locality': 'West Calder', 'postal_code': 'EH55 8DZ'}",['63990'],,,,,,,,,,,,
Landlord performance,Scotland,Scottish Housing Regulator,13989064,AAA LANDLORD LTD,active,2022-03-19,ltd,"{'address_line_1': '22 Fort Road', 'country': 'United Kingdom', 'locality': 'Northolt', 'postal_code': 'UB5 5HH'}",['68209'],,,,,,,,,,,,https://www.housingregulator.gov.scot/landlord-performance/
For landlords,Scotland,Scottish Housing Regulator,07777642,FOR LANDLORDS LIMITED,dissolved,2011-09-19,ltd,"{'address_line_1': 'Hestia House', 'address_line_2': 'Edgewest Road', 'locality': 'Lincoln', 'postal_code': 'LN6 7EL'}",['99999'],,,,,,,,,,,,https://www.housingregulator.gov.scot/for-landlords/
Landlords,Scotland,Scottish Housing Regulator,06397933,LANDLORDS LIMITED,dissolved,2007-10-12,ltd,"{'address_line_1': 'Oaklands Farm New Mill Road', 'address_line_2': 'Eversley', 'country': 'United Kingdom', 'locality': 'Hook', 'postal_code': 'RG27 0RB', 'region': 'Hampshire'}",['66220'],,,,,,,,,,,,https://www.housingregulator.gov.scot/landlord-performance/landlords/
Social landlord portal,Scotland,Scottish Housing Regulator,11154862,LANDLORD PORTAL LIMITED,dissolved,2018-01-17,ltd,"{'address_line_1': 'Doddridge Building', 'address_line_2': '109 St James Road', 'country': 'United Kingdom', 'locality': 'Northampton', 'postal_code': 'NN5 5LD'}","['47910', '47990']",,,,,,,,,,,,https://www.housingregulator.gov.scot/for-landlords/social-landlord-portal/
Landlord directory,Scotland,Scottish Housing Regulator,09396936,ACTIVE DIRECTORY CONSULTANTS LTD,active,2015-01-20,ltd,"{'address_line_1': '85 Great Portland Street', 'address_line_2': 'First Floor', 'country': 'United Kingdom', 'locality': 'London', 'postal_code': 'W1W 7LT'}",['62020'],,,,,,,,,,,,https://www.housingregulator.gov.scot/landlord-performance/landlords/
SHRs Landlord Groups,Scotland,Scottish Housing Regulator,10961467,AAHAR GROUPS LIMITED,active,2017-09-13,ltd,"{'address_line_1': '51a Hurst Road', 'address_line_2': 'Twyford', 'country': 'England', 'locality': 'Reading', 'postal_code': 'RG10 0AH'}",['56103'],,,,,,,,,,,,https://www.housingregulator.gov.scot/for-landlords/shr-s-landlord-groups/
Social Landlord Portal - User Group,Scotland,Scottish Housing Regulator,04079650,SOCIAL LANDLORDS CRIME AND NUISANCE GROUP,active,2000-09-28,private-limited-guarant-nsc-limited-exemption,"{'address_line_1': '10a The Downs', 'country': 'England', 'locality': 'Altrincham', 'postal_code': 'WA14 2PU', 'region': 'Cheshire'}",['94110'],,,,,,,,,,,,https://www.housingregulator.gov.scot/for-landlords/social-landlord-portal-user-group/
Complain about a landlord,Scotland,Scottish Housing Regulator,08493884,ADJUDICATION COMPLAINT SOLUTIONS LTD,liquidation,2013-04-18,ltd,"{'address_line_1': 'Sfp, Warehouse W', 'address_line_2': '3 Western Gateway', 'locality': 'Royal Victoria Docks', 'postal_code': 'E16 1BD', 'region': 'London'}",['70229'],,,,,,,,,,,,https://www.housingregulator.gov.scot/for-tenants/how-we-regulate-information-for-tenants/how-we-regulate-a-guide-for-tenants-and-service-users#section-6
"Brexit remains unpredictable, so governance is key for landlords",Scotland,Scottish Housing Regulator,10083535,SOLUTIONS FOR LANDLORDS LTD,dissolved,2016-03-24,ltd,"{'address_line_1': '155 Wellingborough Road', 'country': 'England', 'locality': 'Rushden', 'postal_code': 'NN10 9TB'}",['82990'],,,,,,,,,,,,https://www.housingregulator.gov.scot/publications/brexit-remains-unpredictable-so-governance-is-key-for-landlords/
Apply to register as a social landlord - Form,Scotland,Scottish Housing Regulator,02518525,THE ASSOCIATION OF EMPLOYERS OF MEMBERS OF THE FORMER REGISTERED DOCK WORKERS PENSION FUND LIMITED,dissolved,1990-07-04,ltd,"{'address_line_1': 'Rutland House', 'address_line_2': '148 Edmund Street', 'locality': 'Birmingham', 'postal_code': 'B3 2JR'}",['65300'],,,,,,,,,,,,https://www.housingregulator.gov.scot/publications/apply-to-register-as-a-social-landlord-form/
NG Homes consultation response - received 12 August 2020,Scotland,Scottish Housing Regulator,12128763,P1 CP SECURED AUGUST 2020 ( GROWTH ) LIMITED,active,2019-07-30,ltd,"{'address_line_1': '47a Broadgates, Market Place', 'country': 'England', 'locality': 'Henley-On-Thames', 'postal_code': 'RG9 2AD'}",['64303'],,,,,,,,,,,,https://www.housingregulator.gov.scot/publications/ng-homes-consultation-response-received-12-august-2020/
River Clyde Homes - received 13 August 2020,Scotland,Scottish Housing Regulator,SC329031,RIVER CLYDE HOMES,active,2007-08-09,private-limited-guarant-nsc-limited-exemption,"{'address_line_1': 'Clyde View', 'address_line_2': '22 Pottery Street', 'country': 'Scotland', 'locality': 'Greenock', 'postal_code': 'PA15 2UZ', 'region': 'Inverclyde'}",['68201'],https://www.riverclydehomes.org.uk/,"['01475 788887\n', '025\n\n\n\n \n\n \n \n\n\n']",[],Richard Turnock,,"{'twitter': 'https://twitter.com/rivclydehomes', 'facebook': 'https://www.facebook.com/river.c.homes/', 'linkedin': 'https://uk.linkedin.com/company/river-clyde-homes', 'instagram': None, 'youtube': None}",False,False,False,True,,https://www.housingregulator.gov.scot/publications/river-clyde-homes-received-13-august-2020/
Homes for Life consultation response - received 14 August 2020,Scotland,Scottish Housing Regulator,NI732398,FORWARDED AS RECEIVED LTD,active,2025-08-15,ltd,"{'address_line_1': '101 Cavendish Street', 'country': 'Northern Ireland', 'locality': 'Belfast', 'postal_code': 'BT12 7AW'}","['47910', '47990']",,,,,,,,,,,,https://www.housingregulator.gov.scot/publications/homes-for-life-consultation-response-received-14-august-2020/
The economic impact of the pandemic has clearly influenced Scottish landlords' decision to limit rent increases,Scotland,Scottish Housing Regulator,SC201401,SCOTTISH SOCIETY FOR THE PREVENTION OF CRUELTY TO ANIMALS,active,1999-11-08,private-limited-guarant-nsc-limited-exemption,"{'address_line_1': 'Kingseat Road', 'address_line_2': 'Halbeath', 'locality': 'Dunfermline', 'postal_code': 'KY11 8RY', 'region': 'Fife'}",['94990'],,,,,,,,,,,,https://www.housingregulator.gov.scot/publications/the-economic-impact-of-the-pandemic-has-clearly-influenced-scottish-landlords-decision-to-limit-rent-increases/
New dates for FYFP returns 2022 - letter to landlords 25 January 2022,Scotland,Scottish Housing Regulator,14221067,THE BUILDERS' CONFERENCE LIMITED,active,2022-07-07,ltd,"{'address_line_1': 'Midpoint', 'address_line_2': 'Alencon Link', 'country': 'United Kingdom', 'locality': 'Basingstoke', 'postal_code': 'RG21 7PP'}",['82990'],,,,,,,,,,,,https://www.housingregulator.gov.scot/publications/new-dates-for-fyfp-returns-2022-letter-to-landlords-25-january-2022/
Marieke Dwarshuis - Blog - Urban landlord group - 8 August 2023,Scotland,Scottish Housing Regulator,15747061,THE URBAN LANDLORD LTD,active,2024-05-28,ltd,"{'address_line_1': '17 Vale Avenue', 'country': 'England', 'locality': 'Borehamwood', 'postal_code': 'WD6 2BD'}",['68209'],,,,,,,,,,,,https://www.housingregulator.gov.scot/publications/marieke-dwarshuis-blog-urban-landlord-group-8-august-2023/
Andrew Watson - Blog -  Rural landlord group - 9 August 2023,Scotland,Scottish Housing Regulator,OE003795,AUGUSTUS 9 LIMITED,registered,2022-11-14,registered-overseas-entity,"{'address_line_1': 'The Hybrid, 3rd Floor 634 La Promenade', 'address_line_2': 'Telfair', 'country': 'Mauritius', 'locality': 'Moka'}",[],,,,,,,,,,,,https://www.housingregulator.gov.scot/publications/andrew-watson-blog-rural-landlord-group-9-august-2023/
Margaret Sharkey - Blog - Urban Landlord Group meeting - 21 November 2023,Scotland,Scottish Housing Regulator,13364870,ISHA ANNUAL SCIENTIFIC MEETING 2023 LIMITED,active,2021-04-28,private-limited-guarant-nsc,"{'address_line_1': 'C/O Tc Group The Courtyard, Shoreham Road', 'address_line_2': 'Upper Beeding', 'country': 'United Kingdom', 'locality': 'Steyning', 'postal_code': 'BN44 3TN', 'region': 'West Sussex'}",['82302'],,,,,,,,,,,,https://www.housingregulator.gov.scot/publications/margaret-sharkey-blog-urban-landlord-group-meeting-21-november-2023/
Andrew Watson  Blog  Rural & Islands Landlord Group meeting  30 November 2023,Scotland,Scottish Housing Regulator,CS004330,CARRON & CARRONSHORE COMMUNITY HALL MANAGEMENT COMMITTEE  SCIO,,,scottish-charitable-incorporated-organisation,,[],,,,,,,,,,,,https://www.housingregulator.gov.scot/publications/andrew-watson-blog-rural-islands-landlord-group-meeting-30-november-2023/
Fire Safety Advice for all social landlords,Scotland,Scottish Housing Regulator,10655191,THE MORTGAGE ADVICE CENTRE FOR LANDLORDS LIMITED,dissolved,2017-03-07,ltd,"{'address_line_1': 'L8 Ring Road', 'address_line_2': 'Burntwood Business Park', 'country': 'England', 'locality': 'Burntwood', 'postal_code': 'WS7 3JQ'}",['66300'],,,,,,,,,,,,https://www.housingregulator.gov.scot/publications/fire-safety-advice-for-all-social-landlords/
Advice for landlords on the need to plan for Brexit,Scotland,Scottish Housing Regulator,10655191,THE MORTGAGE ADVICE CENTRE FOR LANDLORDS LIMITED,dissolved,2017-03-07,ltd,"{'address_line_1': 'L8 Ring Road', 'address_line_2': 'Burntwood Business Park', 'country': 'England', 'locality': 'Burntwood', 'postal_code': 'WS7 3JQ'}",['66300'],,,,,,,,,,,,https://www.housingregulator.gov.scot/publications/advice-for-landlords-on-the-need-to-plan-for-brexit/
Advice for Registered Social Landlords - Tenant and Resident Safety - 22 October 2019,Scotland,Scottish Housing Regulator,14310607,CONSERVATIVE TENANTS AND LANDLORDS FORUM LIMITED,dissolved,2022-08-22,private-limited-guarant-nsc,"{'address_line_1': '135 Old Road', 'address_line_2': 'Headington', 'country': 'England', 'locality': 'Oxford', 'postal_code': 'OX3 8SY'}",['94920'],,,,,,,,,,,,https://www.housingregulator.gov.scot/publications/advice-for-registered-social-landlords-tenant-and-resident-safety-22-october-2019/
Monthly returns forms on the impact of the Coronavirus - letter to all social landlords,Scotland,Scottish Housing Regulator,RS008455,THE INSTITUTE OF SOCIAL IMPACT RESEARCH LIMITED,,,registered-society-non-jurisdictional,,[],,,,,,,,,,,,https://www.housingregulator.gov.scot/publications/monthly-returns-forms-on-the-impact-of-the-coronavirus-letter-to-all-social-landlords/
Letters to landlords - COVID-19 quarterly returns 2021/22,Scotland,Scottish Housing Regulator,16416857,LETTERS TO AFRICA CIC,active,2025-04-29,private-limited-guarant-nsc,"{'address_line_1': 'Suite A', 'address_line_2': '82 James Carter Road', 'country': 'United Kingdom', 'locality': 'Mildenhall', 'postal_code': 'IP28 7DE'}",['85590'],,,,,,,,,,,,https://www.housingregulator.gov.scot/publications/letters-to-landlords-covid-19-quarterly-returns-202122/
For April only - Staff costs form for social landlords during COVID-19,Scotland,Scottish Housing Regulator,14760554,FORM STAFFING LIMITED,active,2023-03-27,ltd,"{'address_line_1': '71-75 Shelton Street', 'address_line_2': 'Covent Garden', 'country': 'United Kingdom', 'locality': 'London', 'postal_code': 'WC2H 9JQ'}",['62012'],,,,,,,,,,,,https://www.housingregulator.gov.scot/publications/for-april-only-staff-costs-form-for-social-landlords-during-covid-19/
Business Planning: supplementary advice for landlords in response to COVID-19,Scotland,Scottish Housing Regulator,10655191,THE MORTGAGE ADVICE CENTRE FOR LANDLORDS LIMITED,dissolved,2017-03-07,ltd,"{'address_line_1': 'L8 Ring Road', 'address_line_2': 'Burntwood Business Park', 'country': 'England', 'locality': 'Burntwood', 'postal_code': 'WS7 3JQ'}",['66300'],,,,,,,,,,,,https://www.housingregulator.gov.scot/publications/business-planning-supplementary-advice-for-landlords-in-response-to-covid-19/
BI System - Social Landlord Portal User Group  Terms of Reference,Scotland,Scottish Housing Regulator,04079650,SOCIAL LANDLORDS CRIME AND NUISANCE GROUP,active,2000-09-28,private-limited-guarant-nsc-limited-exemption,"{'address_line_1': '10a The Downs', 'country': 'England', 'locality': 'Altrincham', 'postal_code': 'WA14 2PU', 'region': 'Cheshire'}",['94110'],,,,,,,,,,,,https://www.housingregulator.gov.scot/publications/bi-system-social-landlord-portal-user-group-terms-of-reference/
BI System  Social Landlord Portal User Group Meeting - Minutes - 21 November 2023,Scotland,Scottish Housing Regulator,04079650,SOCIAL LANDLORDS CRIME AND NUISANCE GROUP,active,2000-09-28,private-limited-guarant-nsc-limited-exemption,"{'address_line_1': '10a The Downs', 'country': 'England', 'locality': 'Altrincham', 'postal_code': 'WA14 2PU', 'region': 'Cheshire'}",['94110'],,,,,,,,,,,,https://www.housingregulator.gov.scot/publications/bi-system-social-landlord-portal-user-group-meeting-minutes-21-november-2023/
Andrew Watson - Blog - Rural & Islands Landlord Group meeting - 14 May 2024,Scotland,Scottish Housing Regulator,CE019375,HAMPSHIRE AND ISLANDS AREA QUAKER MEETING,,,charitable-incorporated-organisation,,[],,,,,,,,,,,,https://www.housingregulator.gov.scot/publications/andrew-watson-blog-rural-islands-landlord-group-meeting-14-may-2024/
Michael Cameron  Blog  Urban Landlord Group meeting  1 May 2024,Scotland,Scottish Housing Regulator,CS004330,CARRON & CARRONSHORE COMMUNITY HALL MANAGEMENT COMMITTEE  SCIO,,,scottish-charitable-incorporated-organisation,,[],,,,,,,,,,,,https://www.housingregulator.gov.scot/publications/michael-cameron-blog-urban-landlord-group-meeting-1-may-2024/
BI System  - Social Landlord Portal User Group Meeting - Minutes - 13 March 2024,Scotland,Scottish Housing Regulator,04079650,SOCIAL LANDLORDS CRIME AND NUISANCE GROUP,active,2000-09-28,private-limited-guarant-nsc-limited-exemption,"{'address_line_1': '10a The Downs', 'country': 'England', 'locality': 'Altrincham', 'postal_code': 'WA14 2PU', 'region': 'Cheshire'}",['94110'],,,,,,,,,,,,https://www.housingregulator.gov.scot/publications/bi-system-social-landlord-portal-user-group-meeting-minutes-13-march-2024/
George Walker  Blog  Urban Landlord Group meeting   19 November 2024,Scotland,Scottish Housing Regulator,CS004330,CARRON & CARRONSHORE COMMUNITY HALL MANAGEMENT COMMITTEE  SCIO,,,scottish-charitable-incorporated-organisation,,[],,,,,,,,,,,,https://www.housingregulator.gov.scot/publications/george-walker-blog-urban-landlord-group-meeting-19-november-2024/
Andrew Watson  Blog  Rural & Islands Landlord Group meeting  6 December 2024,Scotland,Scottish Housing Regulator,CS004330,CARRON & CARRONSHORE COMMUNITY HALL MANAGEMENT COMMITTEE  SCIO,,,scottish-charitable-incorporated-organisation,,[],,,,,,,,,,,,https://www.housingregulator.gov.scot/publications/andrew-watson-blog-rural-islands-landlord-group-meeting-6-december-2024/
Letter to Registered Social Landlords - collection of information on empty homes / voids,Scotland,Scottish Housing Regulator,04039145,ASSOCIATION OF REGISTERED CARE HOMES LTD.,dissolved,2000-07-24,private-limited-guarant-nsc,"{'address_line_1': 'Derek Whittaker House Tunnel Lane', 'address_line_2': 'Kings Norton', 'locality': 'Birmingham', 'postal_code': 'B30 3JN'}",['94110'],,,,,,,,,,,,https://www.housingregulator.gov.scot/publications/letter-to-registered-social-landlords-collection-of-information-on-empty-homes-voids/
Registered Social Landlords empty homes at 28 February 2025 - Report and data,Scotland,Scottish Housing Regulator,SC630639,DATA MIGRATION REPORTING AND WAREHOUSING LTD,active,2019-05-16,ltd,"{'address_line_1': '11 Dunollie Gardens', 'country': 'Scotland', 'locality': 'Kilmarnock', 'postal_code': 'KA3 6FP'}",['62020'],,,,,,,,,,,,https://www.housingregulator.gov.scot/publications/registered-social-landlords-empty-homes-at-28-february-2025-report-and-data/
Andrew Watson  Blog  Rural & Islands Landlord Group meeting   21 May 2025,Scotland,Scottish Housing Regulator,CS004330,CARRON & CARRONSHORE COMMUNITY HALL MANAGEMENT COMMITTEE  SCIO,,,scottish-charitable-incorporated-organisation,,[],,,,,,,,,,,,https://www.housingregulator.gov.scot/publications/andrew-watson-blog-rural-islands-landlord-group-meeting-21-may-2025/
George Walker  Blog  Urban Landlord Group meeting   18 June 2025,Scotland,Scottish Housing Regulator,CS004330,CARRON & CARRONSHORE COMMUNITY HALL MANAGEMENT COMMITTEE  SCIO,,,scottish-charitable-incorporated-organisation,,[],,,,,,,,,,,,https://www.housingregulator.gov.scot/publications/george-walker-blog-urban-landlord-group-meeting-18-june-2025/
